{"stats":{"minecraft:crafted":{"minecraft:brick":200,"minecraft:smooth_stone":3,"minecraft:oak_planks":44,"minecraft:brick_stairs":13,"minecraft:stone":36,"minecraft:spruce_fence":27,"minecraft:cooked_mutton":6,"minecraft:glass":19,"minecraft:dark_oak_planks":12,"minecraft:cooked_porkchop":16,"minecraft:spruce_planks":116,"minecraft:air":1409,"the_vault:chromatic_iron_ingot":121,"minecraft:stick":32,"minecraft:iron_ingot":78},"minecraft:custom":{"minecraft:mob_kills":63,"minecraft:interact_with_crafting_table":73,"minecraft:damage_dealt_resisted":130,"minecraft:time_since_death":228488,"minecraft:sprint_one_cm":270985,"minecraft:walk_one_cm":302677,"minecraft:drop":47,"minecraft:play_time":228488,"minecraft:sneak_time":33810,"minecraft:walk_under_water_one_cm":83686,"minecraft:boat_one_cm":45260,"minecraft:jump":2524,"minecraft:walk_on_water_one_cm":36951,"minecraft:total_world_time":228488,"minecraft:interact_with_furnace":200,"minecraft:interact_with_stonecutter":7,"minecraft:sleep_in_bed":9,"minecraft:time_since_rest":9780,"minecraft:damage_taken":2353,"minecraft:damage_dealt":11936,"minecraft:swim_one_cm":99088,"minecraft:fly_one_cm":365049,"minecraft:open_chest":90,"minecraft:crouch_one_cm":86556,"minecraft:fall_one_cm":58907},"minecraft:used":{"create:framed_glass":6,"minecraft:iron_shovel":353,"minecraft:stone_shovel":2,"minecraft:oak_door":10,"minecraft:torch":76,"minecraft:dirt":85,"minecraft:tuff":7,"the_vault:cooked_vault_steak":8,"minecraft:wooden_axe":60,"quark:spruce_chest":2,"chipped:glassblower":1,"minecraft:iron_axe":835,"minecraft:birch_sapling":1,"minecraft:dark_oak_boat":1,"minecraft:sweet_berries":11,"minecraft:furnace":13,"minecraft:oak_sapling":14,"minecraft:cobbled_deepslate":4,"minecraft:cooked_mutton":3,"minecraft:stone_pickaxe":16,"minecraft:oak_planks":9,"minecraft:wooden_pickaxe":19,"minecraft:stonecutter":1,"minecraft:crafting_table":11,"minecraft:white_bed":2,"minecraft:spruce_log":15,"minecraft:oak_log":10,"minecraft:diamond_pickaxe":106,"minecraft:apple":1,"minecraft:iron_pickaxe":931,"minecraft:spruce_sapling":29,"minecraft:gravel":5,"minecraft:stone_axe":53,"minecraft:cobblestone":58,"minecraft:cooked_porkchop":16,"minecraft:andesite":5,"quark:oak_chest":5},"minecraft:dropped":{"minecraft:wheat_seeds":4,"minecraft:oak_log":1,"minecraft:nether_star":1,"minecraft:stick":2,"architects_palette:spruce_board_slab":4,"minecraft:wooden_hoe":2,"minecraft:mutton":6,"minecraft:iron_shovel":1,"create:raw_zinc":5,"powah:uraninite_raw":3,"minecraft:oak_door":6,"minecraft:stone_axe":1,"minecraft:blackstone":8,"minecraft:sweet_berries":13,"minecraft:cobbled_deepslate":2,"minecraft:tuff":2,"minecraft:pointed_dripstone":1,"minecraft:stone_shovel":1,"minecraft:rotten_flesh":6,"minecraft:oak_planks":4,"minecraft:stone_slab":2,"supplementaries:ash":8,"minecraft:gunpowder":2,"minecraft:arrow":5,"minecraft:stone_pickaxe":1,"minecraft:wooden_pickaxe":1,"botania:magenta_mystical_flower":1,"minecraft:egg":1},"minecraft:killed":{"minecraft:witch":1,"minecraft:spider":2,"minecraft:skeleton":6,"minecraft:silverfish":3,"minecraft:turtle":11,"minecraft:tropical_fish":1,"minecraft:pig":7,"minecraft:creeper":3,"minecraft:squid":1,"minecraft:sheep":6,"minecraft:zombie":23},"minecraft:mined":{"create:deepslate_zinc_ore":5,"minecraft:tuff":10,"minecraft:white_bed":1,"minecraft:dark_oak_leaves":8,"minecraft:deepslate_diamond_ore":5,"minecraft:oak_door":2,"minecraft:dark_oak_log":13,"thermal:tin_ore":7,"minecraft:obsidian":4,"minecraft:glow_lichen":1,"minecraft:granite":4,"minecraft:grass_block":221,"minecraft:spruce_leaves":84,"botania:magenta_mystical_flower":1,"minecraft:spruce_sapling":1,"minecraft:furnace":5,"the_vault:vault_stone":168,"minecraft:iron_ore":47,"minecraft:andesite":82,"minecraft:deepslate_lapis_ore":5,"minecraft:deepslate_iron_ore":31,"minecraft:dirt_path":7,"powah:uraninite_ore_poor":1,"minecraft:stone":213,"ae2:quartz_ore":3,"minecraft:blackstone":8,"minecraft:clay":51,"minecraft:crafting_table":7,"minecraft:torch":3,"create:framed_glass":6,"minecraft:rose_bush":1,"mekanism:tin_ore":5,"minecraft:stone_slab":2,"minecraft:copper_ore":2,"minecraft:tall_grass":11,"minecraft:cobblestone":2,"minecraft:deepslate_gold_ore":8,"supplementaries:urn":3,"the_vault:chromatic_iron_ore":121,"minecraft:spruce_log":577,"thermal:niter_ore":2,"minecraft:grass":22,"minecraft:coal_ore":80,"minecraft:oak_log":84,"minecraft:sand":19,"minecraft:dirt":32,"minecraft:gravel":39,"mekanism:deepslate_fluorite_ore":14,"thermal:nickel_ore":6,"minecraft:oak_leaves":33,"minecraft:deepslate":212,"minecraft:fern":1},"minecraft:picked_up":{"minecraft:seagrass":18,"minecraft:crafting_table":7,"minecraft:clay_ball":200,"minecraft:stone_slab":2,"minecraft:string":1,"minecraft:raw_copper":23,"thermal:raw_nickel":10,"minecraft:iron_shovel":1,"botania:magenta_mystical_flower":1,"minecraft:blackstone":8,"minecraft:cobbled_deepslate":202,"minecraft:spruce_planks":243,"minecraft:rose_bush":1,"the_vault:quest_book":1,"thermal:niter":14,"minecraft:light_gray_wool":2,"minecraft:birch_sapling":1,"minecraft:egg":1,"minecraft:furnace":6,"minecraft:dark_oak_sapling":4,"minecraft:raw_iron":79,"minecraft:stick":41,"minecraft:oak_door":7,"minecraft:torch":6,"botania:yellow_mystical_flower":4,"minecraft:spruce_fence":39,"minecraft:porkchop":16,"minecraft:pointed_dripstone":1,"mekanism:raw_tin":10,"minecraft:rotten_flesh":13,"minecraft:arrow":5,"architects_palette:spruce_boards":21,"minecraft:tropical_fish":4,"ae2:certus_quartz_dust":20,"minecraft:red_tulip":1,"architects_palette:spruce_board_stairs":117,"architects_palette:spruce_board_slab":103,"supplementaries:ash":8,"minecraft:mutton":18,"minecraft:obsidian":8,"minecraft:bone_block":25,"minecraft:white_wool":3,"minecraft:cobblestone":211,"minecraft:andesite":5,"minecraft:brown_wool":2,"minecraft:potato":1,"minecraft:flint":10,"minecraft:tuff":10,"create:raw_zinc":15,"minecraft:oak_log":84,"minecraft:gunpowder":2,"minecraft:wooden_hoe":1,"minecraft:lapis_lazuli":66,"minecraft:dirt":420,"minecraft:bone":27,"minecraft:apple":1,"minecraft:wheat_seeds":4,"minecraft:raw_gold":16,"minecraft:iron_ingot":33,"twigs:cobblestone_brick_stairs":24,"the_vault:vault_cobblestone":286,"minecraft:oak_planks":3,"the_vault:raw_chromatic_iron":121,"thermal:raw_tin":12,"minecraft:sweet_berries":18,"patchouli:guide_book":1,"the_vault:vault_rock":13,"minecraft:gravel":47,"minecraft:sand":19,"powah:uraninite_raw":3,"minecraft:spruce_sapling":57,"the_vault:chromatic_iron_ingot":145,"minecraft:ink_sac":92,"minecraft:white_bed":1,"minecraft:spruce_log":571,"quark:oak_chest":2,"minecraft:dark_oak_log":24,"minecraft:diamond":7,"mekanism:fluorite_gem":64,"minecraft:gray_wool":2,"minecraft:bread":6,"minecraft:oak_sapling":14,"minecraft:coal":149,"minecraft:nether_star":1,"minecraft:diamond_pickaxe":1},"minecraft:broken":{"minecraft:iron_shovel":1,"minecraft:iron_axe":3,"minecraft:iron_pickaxe":3,"minecraft:wooden_axe":1}},"DataVersion":2975}