{"stats":{"minecraft:crafted":{"minecraft:stick":12,"minecraft:iron_ingot":3,"minecraft:air":68},"minecraft:custom":{"minecraft:time_since_rest":24488,"minecraft:interact_with_furnace":2,"minecraft:sprint_one_cm":24972,"minecraft:damage_taken":350,"minecraft:walk_one_cm":25997,"minecraft:mob_kills":2,"minecraft:drop":7,"minecraft:damage_dealt":205,"minecraft:swim_one_cm":18374,"minecraft:interact_with_crafting_table":9,"minecraft:fly_one_cm":12004,"minecraft:crouch_one_cm":3416,"minecraft:play_time":24488,"minecraft:sneak_time":4088,"minecraft:walk_under_water_one_cm":19956,"minecraft:jump":227,"minecraft:walk_on_water_one_cm":2511,"minecraft:time_since_death":24488,"minecraft:total_world_time":24488,"minecraft:fall_one_cm":4623},"minecraft:used":{"the_vault:cooked_vault_steak":3,"minecraft:wooden_axe":60,"minecraft:stone_pickaxe":16,"minecraft:birch_sapling":1,"minecraft:iron_pickaxe":6,"minecraft:wooden_pickaxe":19,"minecraft:oak_door":3,"minecraft:stone_axe":31,"minecraft:dirt":9,"minecraft:crafting_table":4,"minecraft:furnace":1,"minecraft:oak_sapling":14},"minecraft:dropped":{"minecraft:wheat_seeds":3,"minecraft:wooden_hoe":2,"minecraft:stone_slab":1,"minecraft:wooden_pickaxe":1},"minecraft:mined":{"minecraft:iron_ore":3,"thermal:tin_ore":1,"minecraft:crafting_table":2,"thermal:niter_ore":2,"minecraft:grass":9,"minecraft:coal_ore":2,"minecraft:grass_block":4,"minecraft:oak_log":75,"minecraft:dirt":9,"minecraft:stone_slab":1,"thermal:nickel_ore":5,"minecraft:tall_grass":10,"minecraft:stone":26,"minecraft:oak_leaves":27},"minecraft:killed":{"minecraft:sheep":2},"minecraft:picked_up":{"thermal:raw_tin":1,"minecraft:raw_iron":3,"minecraft:stick":4,"minecraft:crafting_table":2,"minecraft:sweet_berries":18,"minecraft:stone_slab":1,"minecraft:oak_log":75,"minecraft:wooden_hoe":1,"minecraft:dirt":13,"thermal:raw_nickel":4,"minecraft:apple":1,"minecraft:wheat_seeds":3,"thermal:niter":7,"minecraft:oak_sapling":14,"minecraft:mutton":3,"minecraft:birch_sapling":1,"minecraft:coal":2,"minecraft:white_wool":2,"minecraft:cobblestone":25},"minecraft:broken":{"minecraft:wooden_axe":1}},"DataVersion":2975}