{"stats":{"minecraft:killed_by":{"minecraft:pillager":1,"rottencreatures:undead_miner":1},"minecraft:mined":{"create:deepslate_zinc_ore":5,"minecraft:spruce_planks":111,"minecraft:white_bed":2,"quark:thatch_slab":1,"botania:red_mystical_flower":1,"thermal:tin_ore":7,"minecraft:obsidian":4,"minecraft:spruce_trapdoor":5,"minecraft:granite":4,"mcwtrpdoors:oak_cottage_trapdoor":1,"minecraft:grass_block":301,"minecraft:sandstone_stairs":1,"comforts:sleeping_bag_white":1,"minecraft:tall_seagrass":1,"minecraft:iron_ore":52,"minecraft:deepslate_lapis_ore":5,"minecraft:enchanting_table":1,"auxiliaryblocks:rocky_sand":1,"minecraft:red_tulip":2,"minecraft:dirt_path":7,"powah:uraninite_ore_poor":1,"architects_palette:spruce_board_stairs":25,"minecraft:sandstone_slab":1,"minecraft:blackstone":8,"minecraft:orange_terracotta":1,"minecraft:clay":51,"minecraft:torch":3,"minecraft:poppy":5,"create:framed_glass":6,"architects_palette:spruce_board_slab":9,"mekanism:tin_ore":5,"minecraft:cobblestone":3,"minecraft:light_weighted_pressure_plate":1,"auxiliaryblocks:mossy_stone":1,"minecraft:wheat":15,"minecraft:lilac":3,"the_vault:ore_larimar":3,"thermal:niter_ore":2,"minecraft:grass":179,"minecraft:oak_log":85,"minecraft:dirt":63,"minecraft:sand":23,"quark:gold_button":1,"thermal:nickel_ore":6,"minecraft:oak_leaves":39,"minecraft:deepslate":212,"the_vault:coin_pile":31,"create:cut_tuff":2,"minecraft:tuff":11,"minecraft:dark_oak_leaves":8,"minecraft:deepslate_diamond_ore":5,"minecraft:oak_door":2,"minecraft:dark_oak_log":13,"minecraft:shulker_box":12,"minecraft:glow_lichen":1,"minecraft:spruce_fence":3,"minecraft:spruce_leaves":84,"minecraft:large_fern":2,"minecraft:hay_block":7,"minecraft:deepslate_brick_slab":1,"quark:sandstone_bricks":1,"botania:magenta_mystical_flower":5,"minecraft:spruce_sapling":1,"minecraft:furnace":5,"the_vault:vault_stone":176,"minecraft:green_terracotta":1,"minecraft:andesite":85,"minecraft:stripped_spruce_log":14,"mcwdoors:spruce_barn_door":2,"architects_palette:spruce_boards":1,"architects_palette:lit_osseous_skull":1,"minecraft:deepslate_iron_ore":31,"ae2:quartz_ore":3,"minecraft:stone":258,"minecraft:oak_slab":2,"minecraft:crafting_table":7,"minecraft:cornflower":11,"minecraft:rose_bush":2,"minecraft:stone_slab":2,"minecraft:tall_grass":32,"minecraft:copper_ore":7,"minecraft:deepslate_gold_ore":8,"supplementaries:urn":3,"the_vault:chromatic_iron_ore":121,"supplementaries:brass_lantern":1,"minecraft:spruce_log":599,"minecraft:coal_ore":88,"minecraft:gravel":47,"mekanism:deepslate_fluorite_ore":14,"minecraft:cracked_stone_bricks":1,"minecraft:stone_bricks":2,"minecraft:fern":10},"minecraft:custom":{"minecraft:interact_with_crafting_table":113,"minecraft:open_barrel":1,"minecraft:open_shulker_box":17,"minecraft:time_since_death":40629,"minecraft:leave_game":1,"minecraft:sprint_one_cm":552090,"minecraft:drop":83,"minecraft:play_time":440591,"minecraft:deaths":2,"minecraft:jump":4720,"minecraft:walk_on_water_one_cm":48397,"minecraft:interact_with_furnace":226,"minecraft:sleep_in_bed":25,"minecraft:damage_dealt":21514,"minecraft:crouch_one_cm":181213,"minecraft:mob_kills":143,"minecraft:damage_dealt_resisted":130,"minecraft:climb_one_cm":1920,"minecraft:walk_one_cm":692572,"minecraft:sneak_time":67032,"minecraft:walk_under_water_one_cm":86283,"minecraft:boat_one_cm":45260,"minecraft:total_world_time":440591,"minecraft:interact_with_stonecutter":8,"minecraft:time_since_rest":23821,"minecraft:damage_taken":4056,"minecraft:swim_one_cm":134415,"minecraft:fly_one_cm":796870,"minecraft:open_chest":285,"minecraft:fall_one_cm":124526},"minecraft:dropped":{"minecraft:oak_log":1,"botania:red_mystical_flower":1,"minecraft:glass_bottle":1,"minecraft:nether_star":1,"the_vault:vault_crystal":1,"the_vault:shield":1,"minecraft:flint":1,"minecraft:dirt":1,"the_vault:quest_book":1,"minecraft:mutton":6,"minecraft:gold_nugget":2,"minecraft:oak_door":6,"minecraft:gravel":4,"minecraft:stone_axe":1,"minecraft:blackstone":8,"minecraft:cobbled_deepslate":2,"minecraft:pointed_dripstone":1,"minecraft:rotten_flesh":6,"minecraft:oak_planks":4,"supplementaries:ash":8,"minecraft:gunpowder":2,"comforts:sleeping_bag_white":1,"minecraft:arrow":5,"minecraft:egg":1,"minecraft:wheat_seeds":13,"minecraft:cobblestone":2,"minecraft:copper_ingot":3,"minecraft:stick":8,"architects_palette:spruce_board_slab":4,"minecraft:wooden_hoe":2,"minecraft:iron_shovel":1,"create:raw_zinc":5,"powah:uraninite_raw":3,"minecraft:sweet_berries":13,"minecraft:tuff":2,"minecraft:stone_shovel":1,"minecraft:stone_slab":2,"minecraft:stone_pickaxe":1,"minecraft:wooden_pickaxe":1,"botania:magenta_mystical_flower":3},"minecraft:used":{"minecraft:iron_shovel":486,"architects_palette:spruce_board_stairs":154,"minecraft:stone":19,"minecraft:iron_sword":80,"the_vault:vault_crystal":1,"minecraft:deepslate_brick_slab":22,"the_vault:sword":65,"minecraft:tuff":8,"minecraft:stripped_spruce_log":14,"the_vault:cooked_vault_steak":9,"architects_palette:spruce_board_slab":55,"minecraft:birch_sapling":1,"minecraft:stone_bricks":13,"minecraft:dark_oak_boat":1,"minecraft:sweet_berries":11,"minecraft:furnace":13,"minecraft:oak_sapling":14,"create:cut_tuff":1,"minecraft:spruce_door":1,"architects_palette:spruce_boards":115,"minecraft:stone_pickaxe":40,"minecraft:oak_planks":9,"minecraft:wooden_pickaxe":19,"mcwdoors:spruce_barn_door":2,"minecraft:sand":1,"minecraft:deepslate_brick_stairs":138,"minecraft:gravel":20,"minecraft:andesite":8,"minecraft:experience_bottle":4,"create:framed_glass":6,"minecraft:stone_shovel":2,"minecraft:spruce_planks":111,"minecraft:cooked_chicken":3,"minecraft:oak_door":10,"minecraft:torch":76,"minecraft:dirt":186,"minecraft:shulker_box":12,"minecraft:spruce_fence":16,"the_vault:vault_altar":1,"minecraft:wooden_axe":60,"quark:spruce_chest":6,"chipped:glassblower":1,"minecraft:iron_axe":1120,"minecraft:spruce_button":10,"minecraft:beef":5,"the_vault:sweet_kiwi":1,"comforts:sleeping_bag_white":8,"minecraft:cobbled_deepslate":4,"minecraft:cooked_mutton":10,"minecraft:stonecutter":1,"minecraft:spruce_fence_gate":2,"minecraft:cracked_stone_bricks":1,"the_vault:tool_station":1,"minecraft:crafting_table":12,"minecraft:oak_slab":2,"minecraft:white_bed":3,"minecraft:spruce_log":432,"minecraft:oak_log":10,"minecraft:diamond_pickaxe":167,"minecraft:apple":1,"chipped:glass_pane_11":15,"minecraft:iron_pickaxe":999,"minecraft:spruce_trapdoor":31,"minecraft:spruce_sapling":29,"minecraft:stone_axe":256,"quark:dark_oak_chest":1,"minecraft:cobblestone":62,"minecraft:cooked_porkchop":16,"minecraft:porkchop":16,"quark:oak_chest":5},"minecraft:picked_up":{"minecraft:seagrass":18,"the_vault:vault_altar":1,"minecraft:stone_slab":2,"minecraft:string":2,"minecraft:raw_copper":43,"minecraft:cobbled_deepslate":202,"minecraft:spruce_planks":354,"comforts:sleeping_bag_white":6,"minecraft:light_weighted_pressure_plate":1,"minecraft:rose_bush":1,"minecraft:furnace":6,"minecraft:stick":41,"supplementaries:brass_lantern":1,"the_vault:gem_larimar":3,"botania:yellow_mystical_flower":4,"minecraft:torch":6,"minecraft:sandstone_wall":1,"minecraft:porkchop":32,"minecraft:pointed_dripstone":1,"mekanism:raw_tin":10,"minecraft:rotten_flesh":13,"minecraft:tropical_fish":4,"auxiliaryblocks:cobbled_sandstone":7,"minecraft:red_tulip":2,"the_vault:soul_shard":171,"architects_palette:spruce_board_slab":111,"supplementaries:ash":8,"architects_palette:withered_osseous_pillar":1,"minecraft:obsidian":8,"minecraft:cobblestone":248,"minecraft:lilac":3,"minecraft:andesite":5,"minecraft:brown_wool":2,"minecraft:potato":1,"minecraft:flint":11,"minecraft:tuff":10,"create:raw_zinc":15,"minecraft:lapis_lazuli":66,"minecraft:dirt":530,"minecraft:bone":27,"minecraft:wheat_seeds":13,"minecraft:deepslate_brick_slab":1,"minecraft:raw_gold":16,"the_vault:vault_cobblestone":294,"minecraft:oak_planks":3,"thermal:raw_tin":12,"botania:red_mystical_flower":1,"patchouli:guide_book":2,"the_vault:vault_rock":15,"minecraft:sand":26,"minecraft:stripped_spruce_log":14,"the_vault:chromatic_iron_ingot":145,"minecraft:ink_sac":94,"minecraft:dark_oak_log":24,"minecraft:shulker_box":12,"minecraft:diamond":7,"minecraft:bread":8,"minecraft:oak_sapling":14,"minecraft:nether_star":1,"minecraft:diamond_pickaxe":1,"minecraft:crafting_table":7,"minecraft:sandstone_slab":2,"minecraft:clay_ball":200,"minecraft:cornflower":11,"the_vault:vault_crystal":2,"thermal:raw_nickel":10,"minecraft:iron_shovel":1,"botania:magenta_mystical_flower":3,"minecraft:blackstone":8,"minecraft:beef":5,"the_vault:quest_book":3,"thermal:niter":14,"minecraft:poppy":5,"minecraft:light_gray_wool":2,"minecraft:birch_sapling":1,"minecraft:spruce_trapdoor":5,"minecraft:egg":1,"minecraft:dark_oak_sapling":4,"minecraft:raw_iron":84,"minecraft:oak_door":7,"minecraft:spruce_fence":42,"quark:gold_button":1,"minecraft:arrow":5,"architects_palette:spruce_boards":22,"ae2:certus_quartz_dust":20,"minecraft:sandstone_stairs":1,"architects_palette:spruce_board_stairs":141,"minecraft:mutton":18,"minecraft:white_wool":3,"minecraft:bone_block":25,"minecraft:leather":1,"minecraft:oak_log":84,"minecraft:gunpowder":2,"minecraft:wooden_hoe":1,"minecraft:cooked_mutton":6,"minecraft:apple":1,"the_vault:boots":1,"minecraft:iron_ingot":35,"minecraft:cooked_chicken":4,"the_vault:vault_bronze":209,"twigs:cobblestone_brick_stairs":24,"mcwdoors:spruce_barn_door":2,"the_vault:raw_chromatic_iron":121,"minecraft:sweet_berries":18,"minecraft:gravel":61,"powah:uraninite_raw":3,"minecraft:spruce_sapling":57,"minecraft:white_bed":2,"minecraft:spruce_log":593,"quark:oak_chest":2,"mekanism:fluorite_gem":64,"minecraft:gray_wool":2,"minecraft:coal":157},"minecraft:crafted":{"minecraft:brick":200,"minecraft:oak_planks":44,"minecraft:smooth_stone":3,"minecraft:cooked_chicken":2,"minecraft:stone":37,"minecraft:cooked_mutton":6,"minecraft:glass":22,"the_vault:bottle":1,"sophisticatedbackpacks:backpack":1,"minecraft:cooked_porkchop":16,"minecraft:spruce_planks":116,"minecraft:copper_ingot":3,"minecraft:stick":32,"minecraft:iron_ingot":83,"minecraft:brick_stairs":13,"minecraft:spruce_fence":27,"architects_palette:spruce_boards":45,"minecraft:dark_oak_planks":12,"minecraft:air":1772,"minecraft:blue_dye":1,"the_vault:chromatic_iron_ingot":121},"minecraft:broken":{"minecraft:iron_shovel":1,"minecraft:stone_axe":1,"minecraft:wooden_axe":1,"minecraft:iron_axe":5,"minecraft:iron_pickaxe":4},"minecraft:killed":{"minecraft:witch":1,"minecraft:spider":3,"the_vault:vault_fighter":18,"minecraft:skeleton":25,"minecraft:chicken":1,"minecraft:silverfish":3,"minecraft:turtle":11,"minecraft:tropical_fish":1,"minecraft:pig":14,"minecraft:creeper":6,"minecraft:sheep":6,"minecraft:zombie":25,"minecraft:cow":3,"the_vault:miner_zombie_t0":9,"the_vault:vault_spider":1,"minecraft:vindicator":2,"rottencreatures:undead_miner":2,"minecraft:husk":11,"minecraft:squid":1}},"DataVersion":2975}