{"stats":{"minecraft:crafted":{"minecraft:stick":12,"minecraft:iron_ingot":3,"minecraft:air":71},"minecraft:custom":{"minecraft:time_since_rest":36488,"minecraft:interact_with_furnace":2,"minecraft:sprint_one_cm":30391,"minecraft:damage_taken":630,"minecraft:walk_one_cm":33844,"minecraft:mob_kills":9,"minecraft:drop":8,"minecraft:damage_dealt":905,"minecraft:swim_one_cm":47158,"minecraft:interact_with_crafting_table":10,"minecraft:fly_one_cm":26033,"minecraft:crouch_one_cm":7590,"minecraft:play_time":36488,"minecraft:sneak_time":6894,"minecraft:walk_under_water_one_cm":40637,"minecraft:jump":337,"minecraft:walk_on_water_one_cm":7210,"minecraft:time_since_death":36488,"minecraft:total_world_time":36488,"minecraft:fall_one_cm":8169},"minecraft:used":{"the_vault:cooked_vault_steak":5,"minecraft:wooden_axe":60,"minecraft:stone_pickaxe":16,"minecraft:birch_sapling":1,"minecraft:iron_pickaxe":76,"minecraft:wooden_pickaxe":19,"minecraft:torch":2,"minecraft:oak_door":7,"minecraft:stone_axe":42,"minecraft:dirt":9,"minecraft:sweet_berries":7,"minecraft:crafting_table":4,"minecraft:furnace":1,"minecraft:oak_sapling":14},"minecraft:dropped":{"minecraft:wheat_seeds":4,"minecraft:wooden_hoe":2,"minecraft:stone_slab":1,"minecraft:wooden_pickaxe":1},"minecraft:mined":{"botania:magenta_mystical_flower":1,"minecraft:oak_door":2,"minecraft:iron_ore":9,"thermal:tin_ore":7,"minecraft:crafting_table":2,"thermal:niter_ore":2,"minecraft:grass":11,"minecraft:coal_ore":28,"minecraft:grass_block":4,"minecraft:oak_log":75,"powah:uraninite_ore_poor":1,"minecraft:gravel":3,"mekanism:tin_ore":1,"minecraft:dirt":9,"minecraft:stone_slab":1,"thermal:nickel_ore":5,"minecraft:copper_ore":2,"minecraft:tall_grass":10,"minecraft:stone":54,"minecraft:oak_leaves":27},"minecraft:killed":{"minecraft:sheep":2,"minecraft:pig":7},"minecraft:picked_up":{"thermal:raw_tin":6,"minecraft:raw_iron":9,"minecraft:stick":4,"minecraft:crafting_table":2,"minecraft:oak_door":2,"minecraft:sweet_berries":18,"minecraft:torch":2,"minecraft:stone_slab":1,"minecraft:porkchop":16,"minecraft:gravel":5,"powah:uraninite_raw":1,"minecraft:oak_log":75,"mekanism:raw_tin":1,"minecraft:wooden_hoe":1,"minecraft:dirt":13,"minecraft:raw_copper":8,"thermal:raw_nickel":4,"botania:magenta_mystical_flower":1,"minecraft:apple":1,"minecraft:wheat_seeds":4,"thermal:niter":7,"minecraft:oak_sapling":14,"minecraft:mutton":3,"minecraft:birch_sapling":1,"minecraft:coal":27,"minecraft:white_wool":2,"minecraft:cobblestone":52},"minecraft:broken":{"minecraft:wooden_axe":1}},"DataVersion":2975}