{"stats":{"minecraft:killed_by":{"minecraft:pillager":1},"minecraft:mined":{"create:deepslate_zinc_ore":5,"minecraft:tuff":10,"minecraft:white_bed":2,"minecraft:spruce_planks":111,"minecraft:dark_oak_leaves":8,"minecraft:deepslate_diamond_ore":5,"minecraft:oak_door":2,"minecraft:dark_oak_log":13,"thermal:tin_ore":7,"minecraft:shulker_box":1,"minecraft:obsidian":4,"minecraft:spruce_trapdoor":5,"minecraft:glow_lichen":1,"minecraft:granite":4,"minecraft:spruce_fence":3,"minecraft:grass_block":301,"minecraft:spruce_leaves":84,"minecraft:tall_seagrass":1,"comforts:sleeping_bag_white":1,"minecraft:large_fern":2,"minecraft:deepslate_brick_slab":1,"botania:magenta_mystical_flower":5,"minecraft:spruce_sapling":1,"minecraft:furnace":5,"the_vault:vault_stone":168,"minecraft:iron_ore":52,"minecraft:andesite":82,"minecraft:stripped_spruce_log":14,"mcwdoors:spruce_barn_door":2,"minecraft:deepslate_lapis_ore":5,"architects_palette:spruce_boards":1,"minecraft:red_tulip":2,"minecraft:deepslate_iron_ore":31,"minecraft:dirt_path":7,"powah:uraninite_ore_poor":1,"architects_palette:spruce_board_stairs":25,"minecraft:stone":254,"ae2:quartz_ore":3,"minecraft:blackstone":8,"minecraft:cornflower":1,"minecraft:clay":51,"minecraft:crafting_table":7,"minecraft:torch":3,"create:framed_glass":6,"minecraft:rose_bush":1,"mekanism:tin_ore":5,"architects_palette:spruce_board_slab":9,"minecraft:stone_slab":2,"minecraft:copper_ore":2,"minecraft:tall_grass":32,"minecraft:cobblestone":2,"minecraft:deepslate_gold_ore":8,"supplementaries:urn":3,"the_vault:chromatic_iron_ore":121,"minecraft:lilac":3,"minecraft:spruce_log":599,"minecraft:grass":138,"thermal:niter_ore":2,"minecraft:oak_log":85,"minecraft:coal_ore":88,"mekanism:deepslate_fluorite_ore":14,"minecraft:gravel":47,"minecraft:sand":23,"minecraft:dirt":63,"thermal:nickel_ore":6,"minecraft:oak_leaves":38,"minecraft:deepslate":212,"minecraft:fern":8},"minecraft:custom":{"minecraft:mob_kills":77,"minecraft:interact_with_crafting_table":103,"minecraft:open_shulker_box":1,"minecraft:damage_dealt_resisted":130,"minecraft:leave_game":1,"minecraft:time_since_death":129926,"minecraft:sprint_one_cm":420412,"minecraft:walk_one_cm":546816,"minecraft:drop":68,"minecraft:play_time":368591,"minecraft:sneak_time":64271,"minecraft:deaths":1,"minecraft:walk_under_water_one_cm":86046,"minecraft:boat_one_cm":45260,"minecraft:jump":3791,"minecraft:walk_on_water_one_cm":41157,"minecraft:total_world_time":368591,"minecraft:interact_with_furnace":223,"minecraft:interact_with_stonecutter":8,"minecraft:sleep_in_bed":20,"minecraft:time_since_rest":1879,"minecraft:damage_taken":3308,"minecraft:damage_dealt":13795,"minecraft:swim_one_cm":131067,"minecraft:fly_one_cm":600372,"minecraft:open_chest":131,"minecraft:crouch_one_cm":174169,"minecraft:fall_one_cm":100230},"minecraft:dropped":{"minecraft:wheat_seeds":10,"minecraft:oak_log":1,"minecraft:glass_bottle":1,"minecraft:nether_star":1,"minecraft:cobblestone":1,"the_vault:vault_crystal":1,"minecraft:stick":4,"minecraft:flint":1,"minecraft:dirt":1,"the_vault:quest_book":1,"architects_palette:spruce_board_slab":4,"minecraft:wooden_hoe":2,"minecraft:mutton":6,"minecraft:iron_shovel":1,"create:raw_zinc":5,"powah:uraninite_raw":3,"minecraft:oak_door":6,"minecraft:gravel":4,"minecraft:stone_axe":1,"minecraft:blackstone":8,"minecraft:sweet_berries":13,"minecraft:cobbled_deepslate":2,"minecraft:tuff":2,"minecraft:pointed_dripstone":1,"minecraft:stone_shovel":1,"minecraft:rotten_flesh":6,"minecraft:oak_planks":4,"minecraft:stone_slab":2,"supplementaries:ash":8,"minecraft:gunpowder":2,"comforts:sleeping_bag_white":1,"minecraft:wooden_pickaxe":1,"minecraft:arrow":5,"minecraft:stone_pickaxe":1,"botania:magenta_mystical_flower":3,"minecraft:egg":1},"minecraft:used":{"create:framed_glass":6,"minecraft:iron_shovel":486,"minecraft:stone_shovel":2,"architects_palette:spruce_board_stairs":154,"minecraft:spruce_planks":111,"minecraft:stone":19,"minecraft:cooked_chicken":2,"minecraft:oak_door":10,"minecraft:torch":76,"minecraft:dirt":186,"minecraft:shulker_box":1,"minecraft:deepslate_brick_slab":22,"minecraft:tuff":7,"minecraft:spruce_fence":16,"the_vault:vault_altar":1,"minecraft:stripped_spruce_log":14,"the_vault:cooked_vault_steak":8,"minecraft:wooden_axe":60,"architects_palette:spruce_board_slab":55,"quark:spruce_chest":2,"minecraft:spruce_button":10,"chipped:glassblower":1,"minecraft:birch_sapling":1,"minecraft:iron_axe":1117,"minecraft:stone_bricks":11,"minecraft:beef":5,"minecraft:dark_oak_boat":1,"minecraft:sweet_berries":11,"minecraft:oak_sapling":14,"minecraft:furnace":13,"comforts:sleeping_bag_white":4,"minecraft:cobbled_deepslate":4,"minecraft:cooked_mutton":9,"minecraft:spruce_door":1,"minecraft:stone_pickaxe":17,"architects_palette:spruce_boards":115,"minecraft:oak_planks":9,"minecraft:wooden_pickaxe":19,"minecraft:spruce_fence_gate":2,"mcwdoors:spruce_barn_door":2,"minecraft:stonecutter":1,"minecraft:sand":1,"minecraft:crafting_table":12,"minecraft:white_bed":3,"minecraft:spruce_log":432,"minecraft:deepslate_brick_stairs":138,"minecraft:oak_log":10,"minecraft:diamond_pickaxe":106,"minecraft:apple":1,"chipped:glass_pane_11":15,"minecraft:iron_pickaxe":999,"minecraft:spruce_trapdoor":31,"minecraft:spruce_sapling":29,"minecraft:gravel":20,"minecraft:stone_axe":256,"minecraft:cobblestone":58,"minecraft:porkchop":16,"minecraft:cooked_porkchop":16,"minecraft:andesite":5,"quark:oak_chest":5},"minecraft:picked_up":{"minecraft:seagrass":18,"minecraft:crafting_table":7,"minecraft:clay_ball":200,"the_vault:vault_altar":1,"minecraft:stone_slab":2,"minecraft:cornflower":1,"the_vault:vault_crystal":1,"minecraft:string":1,"minecraft:raw_copper":23,"thermal:raw_nickel":10,"minecraft:iron_shovel":1,"botania:magenta_mystical_flower":3,"minecraft:blackstone":8,"minecraft:cobbled_deepslate":202,"comforts:sleeping_bag_white":4,"minecraft:spruce_planks":354,"minecraft:beef":5,"the_vault:quest_book":3,"minecraft:rose_bush":1,"thermal:niter":14,"minecraft:light_gray_wool":2,"minecraft:birch_sapling":1,"minecraft:spruce_trapdoor":5,"minecraft:furnace":6,"minecraft:egg":1,"minecraft:dark_oak_sapling":4,"minecraft:stick":41,"minecraft:raw_iron":84,"minecraft:oak_door":7,"minecraft:torch":6,"botania:yellow_mystical_flower":4,"minecraft:spruce_fence":42,"minecraft:porkchop":32,"minecraft:pointed_dripstone":1,"mekanism:raw_tin":10,"minecraft:arrow":5,"minecraft:rotten_flesh":13,"architects_palette:spruce_boards":22,"minecraft:tropical_fish":4,"ae2:certus_quartz_dust":20,"minecraft:red_tulip":2,"architects_palette:spruce_board_stairs":141,"architects_palette:spruce_board_slab":111,"supplementaries:ash":8,"minecraft:obsidian":8,"minecraft:mutton":18,"minecraft:bone_block":25,"minecraft:white_wool":3,"minecraft:cobblestone":247,"minecraft:lilac":3,"minecraft:andesite":5,"minecraft:brown_wool":2,"minecraft:leather":1,"minecraft:potato":1,"minecraft:flint":11,"minecraft:tuff":10,"create:raw_zinc":15,"minecraft:oak_log":84,"minecraft:gunpowder":2,"minecraft:lapis_lazuli":66,"minecraft:wooden_hoe":1,"minecraft:dirt":530,"minecraft:cooked_mutton":6,"minecraft:bone":27,"minecraft:apple":1,"minecraft:wheat_seeds":10,"minecraft:deepslate_brick_slab":1,"minecraft:raw_gold":16,"minecraft:iron_ingot":35,"minecraft:cooked_chicken":4,"mcwdoors:spruce_barn_door":2,"twigs:cobblestone_brick_stairs":24,"the_vault:vault_cobblestone":286,"minecraft:oak_planks":3,"the_vault:raw_chromatic_iron":121,"thermal:raw_tin":12,"minecraft:sweet_berries":18,"patchouli:guide_book":2,"the_vault:vault_rock":14,"minecraft:gravel":58,"minecraft:sand":23,"powah:uraninite_raw":3,"minecraft:stripped_spruce_log":14,"minecraft:spruce_sapling":57,"the_vault:chromatic_iron_ingot":145,"minecraft:ink_sac":92,"minecraft:white_bed":2,"minecraft:spruce_log":593,"quark:oak_chest":2,"minecraft:dark_oak_log":24,"minecraft:shulker_box":1,"minecraft:diamond":7,"mekanism:fluorite_gem":64,"minecraft:gray_wool":2,"minecraft:bread":8,"minecraft:oak_sapling":14,"minecraft:coal":157,"minecraft:nether_star":1,"minecraft:diamond_pickaxe":1},"minecraft:crafted":{"minecraft:brick":200,"minecraft:smooth_stone":3,"minecraft:oak_planks":44,"minecraft:cooked_chicken":2,"minecraft:brick_stairs":13,"minecraft:stone":37,"minecraft:spruce_fence":27,"minecraft:cooked_mutton":6,"minecraft:glass":22,"architects_palette:spruce_boards":45,"the_vault:bottle":1,"minecraft:dark_oak_planks":12,"minecraft:cooked_porkchop":16,"minecraft:spruce_planks":116,"minecraft:air":1636,"minecraft:blue_dye":1,"the_vault:chromatic_iron_ingot":121,"minecraft:stick":32,"minecraft:iron_ingot":83},"minecraft:broken":{"minecraft:iron_shovel":1,"minecraft:iron_axe":5,"minecraft:stone_axe":1,"minecraft:iron_pickaxe":4,"minecraft:wooden_axe":1},"minecraft:killed":{"minecraft:witch":1,"minecraft:spider":3,"minecraft:skeleton":7,"minecraft:silverfish":3,"minecraft:turtle":11,"minecraft:tropical_fish":1,"minecraft:pig":14,"minecraft:squid":1,"minecraft:creeper":3,"minecraft:sheep":6,"minecraft:zombie":25,"minecraft:cow":3}},"DataVersion":2975}