{"stats":{"minecraft:crafted":{"minecraft:air":99,"minecraft:stick":12,"minecraft:iron_ingot":32},"minecraft:used":{"minecraft:stone_pickaxe":16,"minecraft:oak_planks":9,"minecraft:wooden_pickaxe":19,"minecraft:oak_door":7,"minecraft:torch":10,"minecraft:dirt":15,"minecraft:crafting_table":6,"minecraft:tuff":7,"the_vault:cooked_vault_steak":8,"minecraft:wooden_axe":60,"minecraft:iron_axe":12,"minecraft:birch_sapling":1,"minecraft:iron_pickaxe":177,"minecraft:gravel":5,"minecraft:stone_axe":53,"minecraft:cobblestone":30,"minecraft:sweet_berries":8,"minecraft:oak_sapling":14,"minecraft:furnace":2,"minecraft:andesite":5},"minecraft:custom":{"minecraft:interact_with_furnace":22,"minecraft:mob_kills":17,"minecraft:interact_with_crafting_table":20,"minecraft:time_since_death":60488,"minecraft:time_since_rest":60488,"minecraft:sprint_one_cm":60374,"minecraft:damage_taken":995,"minecraft:walk_one_cm":71735,"minecraft:drop":12,"minecraft:damage_dealt":2371,"minecraft:swim_one_cm":47158,"minecraft:fly_one_cm":69100,"minecraft:crouch_one_cm":14708,"minecraft:play_time":60488,"minecraft:sneak_time":10410,"minecraft:walk_under_water_one_cm":41372,"minecraft:jump":754,"minecraft:walk_on_water_one_cm":9437,"minecraft:total_world_time":60488,"minecraft:fall_one_cm":19704},"minecraft:dropped":{"minecraft:stone_axe":1,"minecraft:wheat_seeds":4,"minecraft:rotten_flesh":2,"minecraft:stone_slab":1,"minecraft:wooden_hoe":2,"minecraft:stone_pickaxe":1,"minecraft:wooden_pickaxe":1},"minecraft:killed":{"minecraft:pig":7,"minecraft:skeleton":3,"minecraft:sheep":2,"minecraft:zombie":5},"minecraft:mined":{"create:deepslate_zinc_ore":4,"minecraft:tuff":7,"minecraft:oak_door":2,"thermal:tin_ore":7,"minecraft:crafting_table":4,"minecraft:glow_lichen":1,"minecraft:torch":2,"minecraft:grass_block":4,"mekanism:tin_ore":5,"minecraft:stone_slab":1,"minecraft:tall_grass":10,"minecraft:copper_ore":2,"supplementaries:urn":3,"botania:magenta_mystical_flower":1,"minecraft:furnace":2,"minecraft:iron_ore":12,"minecraft:andesite":5,"minecraft:grass":11,"thermal:niter_ore":2,"minecraft:oak_log":76,"minecraft:coal_ore":36,"minecraft:deepslate_iron_ore":21,"mekanism:deepslate_fluorite_ore":6,"minecraft:gravel":3,"minecraft:dirt":11,"powah:uraninite_ore_poor":1,"thermal:nickel_ore":6,"minecraft:stone":85,"ae2:quartz_ore":3,"minecraft:oak_leaves":28},"minecraft:picked_up":{"minecraft:crafting_table":4,"minecraft:andesite":5,"minecraft:stone_slab":1,"minecraft:tuff":7,"create:raw_zinc":4,"minecraft:oak_log":76,"minecraft:wooden_hoe":1,"minecraft:dirt":15,"minecraft:raw_copper":8,"thermal:raw_nickel":5,"minecraft:bone":10,"botania:magenta_mystical_flower":1,"minecraft:apple":1,"minecraft:wheat_seeds":4,"minecraft:iron_ingot":2,"thermal:niter":7,"minecraft:birch_sapling":1,"minecraft:furnace":2,"minecraft:stick":4,"thermal:raw_tin":6,"minecraft:raw_iron":33,"minecraft:oak_door":2,"minecraft:sweet_berries":18,"minecraft:torch":4,"minecraft:gravel":5,"minecraft:porkchop":16,"powah:uraninite_raw":1,"mekanism:raw_tin":5,"minecraft:arrow":2,"minecraft:rotten_flesh":2,"ae2:certus_quartz_dust":10,"mekanism:fluorite_gem":13,"supplementaries:ash":8,"minecraft:oak_sapling":14,"minecraft:mutton":3,"minecraft:coal":65,"minecraft:white_wool":2,"minecraft:cobblestone":82},"minecraft:broken":{"minecraft:wooden_axe":1}},"DataVersion":2975}