{"stats":{"minecraft:crafted":{"minecraft:oak_planks":16,"minecraft:cooked_porkchop":4,"minecraft:air":166,"minecraft:stick":28,"minecraft:iron_ingot":32},"minecraft:used":{"minecraft:stone_pickaxe":16,"minecraft:oak_planks":9,"minecraft:wooden_pickaxe":19,"minecraft:oak_door":10,"minecraft:torch":21,"minecraft:dirt":15,"minecraft:crafting_table":7,"minecraft:tuff":7,"the_vault:cooked_vault_steak":8,"minecraft:wooden_axe":60,"minecraft:iron_axe":19,"minecraft:birch_sapling":1,"minecraft:iron_pickaxe":331,"minecraft:gravel":5,"minecraft:stone_axe":53,"minecraft:cobblestone":30,"minecraft:sweet_berries":11,"minecraft:oak_sapling":14,"minecraft:furnace":3,"minecraft:cooked_porkchop":1,"minecraft:andesite":5},"minecraft:custom":{"minecraft:interact_with_furnace":24,"minecraft:mob_kills":19,"minecraft:interact_with_crafting_table":21,"minecraft:time_since_death":72488,"minecraft:time_since_rest":72488,"minecraft:sprint_one_cm":66310,"minecraft:damage_taken":1075,"minecraft:walk_one_cm":84210,"minecraft:drop":23,"minecraft:damage_dealt":2910,"minecraft:swim_one_cm":48002,"minecraft:fly_one_cm":73323,"minecraft:crouch_one_cm":17320,"minecraft:play_time":72488,"minecraft:sneak_time":12664,"minecraft:walk_under_water_one_cm":53563,"minecraft:jump":843,"minecraft:walk_on_water_one_cm":19000,"minecraft:total_world_time":72488,"minecraft:fall_one_cm":22547},"minecraft:dropped":{"minecraft:stone_axe":1,"minecraft:blackstone":8,"minecraft:wheat_seeds":4,"minecraft:cobbled_deepslate":2,"minecraft:pointed_dripstone":1,"minecraft:rotten_flesh":6,"minecraft:oak_planks":2,"minecraft:stone_slab":1,"supplementaries:ash":8,"minecraft:gunpowder":2,"minecraft:wooden_hoe":2,"minecraft:stone_pickaxe":1,"minecraft:wooden_pickaxe":1,"botania:magenta_mystical_flower":1,"powah:uraninite_raw":1},"minecraft:killed":{"minecraft:pig":7,"minecraft:creeper":1,"minecraft:skeleton":3,"minecraft:sheep":2,"minecraft:zombie":7},"minecraft:mined":{"create:deepslate_zinc_ore":5,"minecraft:tuff":7,"minecraft:blackstone":8,"minecraft:deepslate_diamond_ore":2,"minecraft:oak_door":2,"thermal:tin_ore":7,"minecraft:crafting_table":4,"minecraft:glow_lichen":1,"minecraft:torch":2,"minecraft:grass_block":4,"mekanism:tin_ore":5,"minecraft:stone_slab":1,"minecraft:tall_grass":10,"minecraft:copper_ore":2,"minecraft:deepslate_gold_ore":8,"supplementaries:urn":3,"botania:magenta_mystical_flower":1,"the_vault:chromatic_iron_ore":121,"minecraft:furnace":2,"minecraft:iron_ore":12,"minecraft:andesite":5,"minecraft:deepslate_lapis_ore":5,"minecraft:grass":11,"thermal:niter_ore":2,"minecraft:oak_log":76,"minecraft:coal_ore":36,"minecraft:deepslate_iron_ore":21,"mekanism:deepslate_fluorite_ore":14,"minecraft:gravel":3,"minecraft:dirt":11,"powah:uraninite_ore_poor":1,"thermal:nickel_ore":6,"minecraft:stone":85,"ae2:quartz_ore":3,"minecraft:oak_leaves":28,"minecraft:deepslate":1},"minecraft:picked_up":{"minecraft:crafting_table":4,"minecraft:andesite":5,"minecraft:stone_slab":1,"minecraft:tuff":7,"create:raw_zinc":5,"minecraft:oak_log":76,"minecraft:gunpowder":2,"minecraft:lapis_lazuli":33,"minecraft:wooden_hoe":1,"minecraft:dirt":15,"minecraft:raw_copper":8,"thermal:raw_nickel":5,"minecraft:bone":11,"botania:magenta_mystical_flower":1,"minecraft:blackstone":8,"minecraft:apple":1,"minecraft:wheat_seeds":4,"minecraft:cobbled_deepslate":2,"minecraft:raw_gold":8,"minecraft:iron_ingot":2,"thermal:niter":7,"minecraft:birch_sapling":1,"the_vault:raw_chromatic_iron":121,"minecraft:furnace":2,"minecraft:stick":4,"thermal:raw_tin":6,"minecraft:raw_iron":33,"minecraft:oak_door":4,"minecraft:sweet_berries":18,"minecraft:torch":4,"minecraft:gravel":5,"minecraft:porkchop":16,"powah:uraninite_raw":2,"minecraft:pointed_dripstone":1,"mekanism:raw_tin":5,"minecraft:arrow":4,"minecraft:rotten_flesh":6,"minecraft:diamond":2,"ae2:certus_quartz_dust":10,"mekanism:fluorite_gem":32,"supplementaries:ash":8,"minecraft:oak_sapling":14,"minecraft:mutton":3,"minecraft:coal":65,"minecraft:white_wool":2,"minecraft:cobblestone":82},"minecraft:broken":{"minecraft:iron_pickaxe":1,"minecraft:wooden_axe":1}},"DataVersion":2975}