{"stats":{"minecraft:crafted":{"minecraft:oak_planks":44,"minecraft:cooked_porkchop":16,"minecraft:spruce_planks":116,"minecraft:air":1206,"minecraft:stick":32,"minecraft:iron_ingot":52},"minecraft:used":{"minecraft:iron_shovel":230,"minecraft:stone_shovel":2,"minecraft:oak_door":10,"minecraft:torch":61,"minecraft:dirt":50,"minecraft:tuff":7,"the_vault:cooked_vault_steak":8,"minecraft:wooden_axe":60,"minecraft:iron_axe":313,"minecraft:birch_sapling":1,"minecraft:sweet_berries":11,"minecraft:furnace":13,"minecraft:oak_sapling":14,"minecraft:cobbled_deepslate":4,"minecraft:stone_pickaxe":16,"minecraft:oak_planks":9,"minecraft:wooden_pickaxe":19,"minecraft:crafting_table":10,"minecraft:white_bed":1,"minecraft:spruce_log":15,"minecraft:oak_log":7,"minecraft:diamond_pickaxe":106,"minecraft:apple":1,"minecraft:iron_pickaxe":674,"minecraft:gravel":5,"minecraft:stone_axe":53,"minecraft:cobblestone":58,"minecraft:cooked_porkchop":11,"minecraft:andesite":5,"quark:oak_chest":3},"minecraft:custom":{"minecraft:mob_kills":50,"minecraft:interact_with_crafting_table":40,"minecraft:damage_dealt_resisted":130,"minecraft:time_since_death":144488,"minecraft:sprint_one_cm":140238,"minecraft:walk_one_cm":194607,"minecraft:drop":42,"minecraft:play_time":144488,"minecraft:sneak_time":22878,"minecraft:walk_under_water_one_cm":74788,"minecraft:jump":1646,"minecraft:walk_on_water_one_cm":29050,"minecraft:total_world_time":144488,"minecraft:interact_with_furnace":61,"minecraft:sleep_in_bed":3,"minecraft:time_since_rest":3805,"minecraft:damage_taken":1916,"minecraft:damage_dealt":9207,"minecraft:swim_one_cm":88097,"minecraft:fly_one_cm":195775,"minecraft:open_chest":14,"minecraft:crouch_one_cm":51119,"minecraft:fall_one_cm":40861},"minecraft:dropped":{"minecraft:wheat_seeds":4,"minecraft:nether_star":1,"architects_palette:spruce_board_slab":4,"minecraft:wooden_hoe":2,"minecraft:mutton":6,"create:raw_zinc":5,"powah:uraninite_raw":3,"minecraft:oak_door":6,"minecraft:stone_axe":1,"minecraft:blackstone":8,"minecraft:sweet_berries":13,"minecraft:cobbled_deepslate":2,"minecraft:tuff":2,"minecraft:pointed_dripstone":1,"minecraft:stone_shovel":1,"minecraft:rotten_flesh":6,"minecraft:oak_planks":4,"minecraft:stone_slab":1,"supplementaries:ash":8,"minecraft:gunpowder":2,"minecraft:arrow":5,"minecraft:stone_pickaxe":1,"minecraft:wooden_pickaxe":1,"botania:magenta_mystical_flower":1},"minecraft:killed":{"minecraft:spider":1,"minecraft:skeleton":5,"minecraft:silverfish":3,"minecraft:turtle":11,"minecraft:tropical_fish":1,"minecraft:pig":7,"minecraft:creeper":2,"minecraft:squid":1,"minecraft:sheep":6,"minecraft:zombie":14},"minecraft:mined":{"create:deepslate_zinc_ore":5,"minecraft:tuff":9,"minecraft:dark_oak_leaves":8,"minecraft:deepslate_diamond_ore":5,"minecraft:oak_door":2,"minecraft:dark_oak_log":13,"thermal:tin_ore":7,"minecraft:obsidian":4,"minecraft:glow_lichen":1,"minecraft:granite":4,"minecraft:grass_block":186,"minecraft:spruce_leaves":16,"botania:magenta_mystical_flower":1,"minecraft:furnace":5,"the_vault:vault_stone":168,"minecraft:iron_ore":45,"minecraft:andesite":82,"minecraft:deepslate_lapis_ore":5,"minecraft:deepslate_iron_ore":24,"minecraft:dirt_path":7,"powah:uraninite_ore_poor":1,"minecraft:stone":180,"ae2:quartz_ore":3,"minecraft:blackstone":8,"minecraft:crafting_table":7,"minecraft:torch":3,"mekanism:tin_ore":5,"minecraft:stone_slab":1,"minecraft:copper_ore":2,"minecraft:tall_grass":10,"minecraft:cobblestone":2,"minecraft:deepslate_gold_ore":8,"supplementaries:urn":3,"the_vault:chromatic_iron_ore":121,"minecraft:spruce_log":168,"thermal:niter_ore":2,"minecraft:grass":15,"minecraft:coal_ore":60,"minecraft:oak_log":83,"minecraft:dirt":31,"minecraft:gravel":24,"mekanism:deepslate_fluorite_ore":14,"thermal:nickel_ore":6,"minecraft:oak_leaves":28,"minecraft:deepslate":20},"minecraft:picked_up":{"minecraft:seagrass":9,"minecraft:crafting_table":7,"minecraft:stone_slab":1,"minecraft:raw_copper":8,"thermal:raw_nickel":5,"botania:magenta_mystical_flower":1,"minecraft:blackstone":8,"minecraft:cobbled_deepslate":8,"thermal:niter":7,"minecraft:light_gray_wool":1,"minecraft:birch_sapling":1,"minecraft:furnace":5,"minecraft:dark_oak_sapling":2,"minecraft:raw_iron":70,"minecraft:stick":14,"minecraft:oak_door":7,"minecraft:torch":5,"botania:yellow_mystical_flower":2,"minecraft:porkchop":16,"minecraft:pointed_dripstone":1,"mekanism:raw_tin":5,"minecraft:rotten_flesh":6,"minecraft:arrow":5,"minecraft:tropical_fish":2,"ae2:certus_quartz_dust":10,"supplementaries:ash":8,"minecraft:mutton":12,"minecraft:obsidian":4,"minecraft:white_wool":3,"minecraft:cobblestone":178,"minecraft:andesite":5,"minecraft:brown_wool":1,"minecraft:flint":5,"minecraft:tuff":9,"create:raw_zinc":10,"minecraft:oak_log":83,"minecraft:gunpowder":2,"minecraft:wooden_hoe":1,"minecraft:lapis_lazuli":33,"minecraft:dirt":211,"minecraft:bone":13,"minecraft:apple":1,"minecraft:wheat_seeds":4,"minecraft:raw_gold":8,"minecraft:iron_ingot":4,"the_vault:vault_cobblestone":168,"the_vault:raw_chromatic_iron":121,"thermal:raw_tin":6,"minecraft:sweet_berries":18,"the_vault:vault_rock":6,"minecraft:gravel":19,"powah:uraninite_raw":3,"minecraft:spruce_sapling":11,"minecraft:ink_sac":46,"minecraft:spruce_log":165,"minecraft:dark_oak_log":12,"minecraft:diamond":5,"mekanism:fluorite_gem":32,"minecraft:gray_wool":1,"minecraft:oak_sapling":14,"minecraft:coal":110,"minecraft:nether_star":1},"minecraft:broken":{"minecraft:iron_axe":1,"minecraft:iron_pickaxe":2,"minecraft:wooden_axe":1}},"DataVersion":2975}