{"stats":{"minecraft:crafted":{"minecraft:air":95,"minecraft:stick":12,"minecraft:iron_ingot":11},"minecraft:used":{"minecraft:stone_pickaxe":16,"minecraft:oak_planks":7,"minecraft:wooden_pickaxe":19,"minecraft:oak_door":7,"minecraft:torch":6,"minecraft:dirt":13,"minecraft:crafting_table":5,"the_vault:cooked_vault_steak":6,"minecraft:wooden_axe":60,"minecraft:iron_axe":1,"minecraft:birch_sapling":1,"minecraft:iron_pickaxe":136,"minecraft:gravel":5,"minecraft:stone_axe":53,"minecraft:cobblestone":15,"minecraft:sweet_berries":8,"minecraft:oak_sapling":14,"minecraft:furnace":1,"minecraft:andesite":5},"minecraft:custom":{"minecraft:interact_with_furnace":10,"minecraft:mob_kills":12,"minecraft:interact_with_crafting_table":14,"minecraft:time_since_death":48488,"minecraft:time_since_rest":48488,"minecraft:sprint_one_cm":47572,"minecraft:damage_taken":775,"minecraft:walk_one_cm":51441,"minecraft:drop":11,"minecraft:damage_dealt":1641,"minecraft:swim_one_cm":47158,"minecraft:fly_one_cm":54828,"minecraft:crouch_one_cm":10701,"minecraft:play_time":48488,"minecraft:sneak_time":8131,"minecraft:walk_under_water_one_cm":41107,"minecraft:jump":572,"minecraft:walk_on_water_one_cm":8697,"minecraft:total_world_time":48488,"minecraft:fall_one_cm":14587},"minecraft:dropped":{"minecraft:stone_axe":1,"minecraft:wheat_seeds":4,"minecraft:rotten_flesh":1,"minecraft:stone_slab":1,"minecraft:wooden_hoe":2,"minecraft:stone_pickaxe":1,"minecraft:wooden_pickaxe":1},"minecraft:killed":{"minecraft:pig":7,"minecraft:skeleton":1,"minecraft:sheep":2,"minecraft:zombie":2},"minecraft:mined":{"minecraft:oak_door":2,"thermal:tin_ore":7,"minecraft:crafting_table":3,"minecraft:glow_lichen":1,"minecraft:torch":2,"minecraft:grass_block":4,"mekanism:tin_ore":5,"minecraft:stone_slab":1,"minecraft:tall_grass":10,"minecraft:copper_ore":2,"supplementaries:urn":1,"botania:magenta_mystical_flower":1,"minecraft:furnace":1,"minecraft:iron_ore":12,"minecraft:andesite":5,"minecraft:grass":11,"thermal:niter_ore":2,"minecraft:oak_log":76,"minecraft:coal_ore":36,"minecraft:gravel":3,"minecraft:dirt":11,"powah:uraninite_ore_poor":1,"thermal:nickel_ore":6,"minecraft:stone":85,"ae2:quartz_ore":3,"minecraft:oak_leaves":28},"minecraft:picked_up":{"minecraft:crafting_table":3,"minecraft:andesite":5,"minecraft:stone_slab":1,"minecraft:oak_log":76,"minecraft:wooden_hoe":1,"minecraft:dirt":15,"minecraft:raw_copper":8,"thermal:raw_nickel":5,"minecraft:bone":4,"botania:magenta_mystical_flower":1,"minecraft:apple":1,"minecraft:wheat_seeds":4,"thermal:niter":7,"minecraft:birch_sapling":1,"minecraft:furnace":1,"minecraft:stick":4,"thermal:raw_tin":6,"minecraft:raw_iron":12,"minecraft:oak_door":2,"minecraft:sweet_berries":18,"minecraft:torch":4,"minecraft:gravel":5,"minecraft:porkchop":16,"powah:uraninite_raw":1,"mekanism:raw_tin":5,"minecraft:arrow":1,"minecraft:rotten_flesh":1,"ae2:certus_quartz_dust":10,"minecraft:oak_sapling":14,"minecraft:mutton":3,"minecraft:coal":36,"minecraft:white_wool":2,"minecraft:cobblestone":82},"minecraft:broken":{"minecraft:wooden_axe":1}},"DataVersion":2975}