{"stats":{"minecraft:crafted":{"minecraft:oak_planks":20,"minecraft:cooked_porkchop":16,"minecraft:air":172,"minecraft:stick":28,"minecraft:iron_ingot":33},"minecraft:used":{"minecraft:stone_pickaxe":16,"minecraft:oak_planks":9,"minecraft:wooden_pickaxe":19,"minecraft:oak_door":10,"minecraft:torch":37,"minecraft:dirt":15,"minecraft:crafting_table":9,"minecraft:tuff":7,"the_vault:cooked_vault_steak":8,"minecraft:diamond_pickaxe":10,"minecraft:wooden_axe":60,"minecraft:apple":1,"minecraft:iron_axe":49,"minecraft:birch_sapling":1,"minecraft:iron_pickaxe":525,"minecraft:gravel":5,"minecraft:stone_axe":53,"minecraft:cobblestone":40,"minecraft:sweet_berries":11,"minecraft:oak_sapling":14,"minecraft:furnace":4,"minecraft:cooked_porkchop":7,"minecraft:andesite":5,"minecraft:cobbled_deepslate":4},"minecraft:custom":{"minecraft:interact_with_furnace":32,"minecraft:mob_kills":29,"minecraft:interact_with_crafting_table":25,"minecraft:time_since_death":96488,"minecraft:time_since_rest":96488,"minecraft:sprint_one_cm":98069,"minecraft:damage_taken":1798,"minecraft:walk_one_cm":113190,"minecraft:drop":35,"minecraft:damage_dealt":5077,"minecraft:swim_one_cm":80090,"minecraft:fly_one_cm":125412,"minecraft:crouch_one_cm":27000,"minecraft:play_time":96488,"minecraft:sneak_time":17199,"minecraft:walk_under_water_one_cm":73624,"minecraft:jump":1113,"minecraft:walk_on_water_one_cm":27131,"minecraft:total_world_time":96488,"minecraft:fall_one_cm":32032},"minecraft:dropped":{"minecraft:oak_door":6,"minecraft:stone_axe":1,"minecraft:sweet_berries":13,"minecraft:blackstone":8,"minecraft:wheat_seeds":4,"minecraft:cobbled_deepslate":2,"minecraft:pointed_dripstone":1,"minecraft:rotten_flesh":6,"minecraft:oak_planks":4,"minecraft:stone_slab":1,"supplementaries:ash":8,"minecraft:gunpowder":2,"minecraft:wooden_hoe":2,"minecraft:mutton":6,"minecraft:arrow":5,"minecraft:stone_pickaxe":1,"minecraft:wooden_pickaxe":1,"botania:magenta_mystical_flower":1,"create:raw_zinc":5,"powah:uraninite_raw":3},"minecraft:killed":{"minecraft:pig":7,"minecraft:creeper":2,"minecraft:skeleton":5,"minecraft:sheep":2,"minecraft:zombie":14},"minecraft:mined":{"create:deepslate_zinc_ore":5,"minecraft:tuff":9,"minecraft:blackstone":8,"minecraft:deepslate_diamond_ore":5,"minecraft:oak_door":2,"thermal:tin_ore":7,"minecraft:obsidian":4,"minecraft:crafting_table":7,"minecraft:glow_lichen":1,"minecraft:torch":2,"minecraft:grass_block":4,"mekanism:tin_ore":5,"minecraft:stone_slab":1,"minecraft:tall_grass":10,"minecraft:copper_ore":2,"minecraft:deepslate_gold_ore":8,"supplementaries:urn":3,"botania:magenta_mystical_flower":1,"the_vault:chromatic_iron_ore":121,"minecraft:furnace":4,"the_vault:vault_stone":168,"minecraft:iron_ore":14,"minecraft:andesite":5,"minecraft:deepslate_lapis_ore":5,"minecraft:grass":11,"thermal:niter_ore":2,"minecraft:oak_log":76,"minecraft:coal_ore":36,"minecraft:deepslate_iron_ore":24,"mekanism:deepslate_fluorite_ore":14,"minecraft:gravel":3,"minecraft:dirt":11,"powah:uraninite_ore_poor":1,"thermal:nickel_ore":6,"minecraft:stone":85,"ae2:quartz_ore":3,"minecraft:oak_leaves":28,"minecraft:deepslate":20},"minecraft:picked_up":{"minecraft:crafting_table":7,"minecraft:andesite":5,"minecraft:stone_slab":1,"minecraft:tuff":9,"create:raw_zinc":10,"minecraft:oak_log":76,"minecraft:gunpowder":2,"minecraft:lapis_lazuli":33,"minecraft:wooden_hoe":1,"minecraft:dirt":15,"minecraft:raw_copper":8,"thermal:raw_nickel":5,"minecraft:bone":13,"botania:magenta_mystical_flower":1,"minecraft:blackstone":8,"minecraft:apple":1,"minecraft:wheat_seeds":4,"minecraft:cobbled_deepslate":8,"minecraft:raw_gold":8,"minecraft:iron_ingot":4,"thermal:niter":7,"the_vault:vault_cobblestone":168,"minecraft:birch_sapling":1,"the_vault:raw_chromatic_iron":121,"minecraft:furnace":4,"minecraft:stick":4,"thermal:raw_tin":6,"minecraft:raw_iron":39,"minecraft:oak_door":7,"minecraft:sweet_berries":18,"minecraft:torch":4,"the_vault:vault_rock":6,"minecraft:gravel":5,"minecraft:porkchop":16,"powah:uraninite_raw":3,"minecraft:pointed_dripstone":1,"mekanism:raw_tin":5,"minecraft:arrow":5,"minecraft:rotten_flesh":6,"minecraft:diamond":5,"ae2:certus_quartz_dust":10,"mekanism:fluorite_gem":32,"supplementaries:ash":8,"minecraft:oak_sapling":14,"minecraft:obsidian":4,"minecraft:mutton":6,"minecraft:coal":86,"minecraft:white_wool":2,"minecraft:cobblestone":82},"minecraft:broken":{"minecraft:iron_pickaxe":2,"minecraft:wooden_axe":1}},"DataVersion":2975}