{"stats":{"minecraft:crafted":{"minecraft:oak_planks":36,"minecraft:cooked_porkchop":16,"minecraft:air":193,"minecraft:stick":32,"minecraft:iron_ingot":34},"minecraft:used":{"minecraft:iron_shovel":130,"minecraft:stone_shovel":2,"minecraft:stone_pickaxe":16,"minecraft:oak_planks":9,"minecraft:wooden_pickaxe":19,"minecraft:oak_door":10,"minecraft:torch":61,"minecraft:dirt":16,"minecraft:crafting_table":10,"minecraft:white_bed":1,"minecraft:tuff":7,"minecraft:oak_log":7,"the_vault:cooked_vault_steak":8,"minecraft:diamond_pickaxe":106,"minecraft:wooden_axe":60,"minecraft:apple":1,"minecraft:iron_axe":124,"minecraft:birch_sapling":1,"minecraft:iron_pickaxe":628,"minecraft:gravel":5,"minecraft:stone_axe":53,"minecraft:cobblestone":48,"minecraft:sweet_berries":11,"minecraft:oak_sapling":14,"minecraft:furnace":13,"minecraft:cooked_porkchop":10,"minecraft:andesite":5,"quark:oak_chest":2,"minecraft:cobbled_deepslate":4},"minecraft:custom":{"minecraft:interact_with_furnace":51,"minecraft:mob_kills":46,"minecraft:interact_with_crafting_table":30,"minecraft:time_since_death":120488,"minecraft:sleep_in_bed":1,"minecraft:time_since_rest":5524,"minecraft:sprint_one_cm":122567,"minecraft:damage_taken":1866,"minecraft:walk_one_cm":151135,"minecraft:drop":37,"minecraft:damage_dealt":8877,"minecraft:swim_one_cm":88097,"minecraft:fly_one_cm":180847,"minecraft:open_chest":7,"minecraft:crouch_one_cm":38432,"minecraft:play_time":120488,"minecraft:sneak_time":19975,"minecraft:walk_under_water_one_cm":74788,"minecraft:jump":1493,"minecraft:walk_on_water_one_cm":29050,"minecraft:total_world_time":120488,"minecraft:fall_one_cm":38293},"minecraft:dropped":{"minecraft:oak_door":6,"minecraft:stone_axe":1,"minecraft:sweet_berries":13,"minecraft:blackstone":8,"minecraft:wheat_seeds":4,"minecraft:cobbled_deepslate":2,"minecraft:tuff":2,"minecraft:stone_shovel":1,"minecraft:pointed_dripstone":1,"minecraft:rotten_flesh":6,"minecraft:oak_planks":4,"minecraft:stone_slab":1,"supplementaries:ash":8,"minecraft:gunpowder":2,"minecraft:wooden_hoe":2,"minecraft:mutton":6,"minecraft:arrow":5,"minecraft:stone_pickaxe":1,"minecraft:wooden_pickaxe":1,"botania:magenta_mystical_flower":1,"create:raw_zinc":5,"powah:uraninite_raw":3},"minecraft:killed":{"minecraft:pig":7,"minecraft:spider":1,"minecraft:creeper":2,"minecraft:squid":1,"minecraft:skeleton":5,"minecraft:sheep":6,"minecraft:zombie":14,"minecraft:turtle":11},"minecraft:mined":{"create:deepslate_zinc_ore":5,"minecraft:tuff":9,"minecraft:blackstone":8,"minecraft:deepslate_diamond_ore":5,"minecraft:oak_door":2,"minecraft:dark_oak_log":9,"thermal:tin_ore":7,"minecraft:obsidian":4,"minecraft:crafting_table":7,"minecraft:glow_lichen":1,"minecraft:torch":3,"minecraft:granite":4,"minecraft:grass_block":124,"mekanism:tin_ore":5,"minecraft:stone_slab":1,"minecraft:tall_grass":10,"minecraft:copper_ore":2,"minecraft:deepslate_gold_ore":8,"supplementaries:urn":3,"botania:magenta_mystical_flower":1,"the_vault:chromatic_iron_ore":121,"minecraft:furnace":5,"the_vault:vault_stone":168,"minecraft:iron_ore":45,"minecraft:spruce_log":14,"minecraft:andesite":82,"minecraft:deepslate_lapis_ore":5,"minecraft:grass":15,"thermal:niter_ore":2,"minecraft:dirt_path":1,"minecraft:oak_log":83,"minecraft:coal_ore":60,"minecraft:deepslate_iron_ore":24,"mekanism:deepslate_fluorite_ore":14,"minecraft:gravel":17,"minecraft:dirt":21,"powah:uraninite_ore_poor":1,"thermal:nickel_ore":6,"minecraft:stone":136,"ae2:quartz_ore":3,"minecraft:oak_leaves":28,"minecraft:deepslate":20},"minecraft:picked_up":{"minecraft:seagrass":9,"minecraft:crafting_table":7,"minecraft:andesite":5,"minecraft:brown_wool":1,"minecraft:stone_slab":1,"minecraft:flint":3,"minecraft:tuff":9,"create:raw_zinc":10,"minecraft:oak_log":83,"minecraft:gunpowder":2,"minecraft:lapis_lazuli":33,"minecraft:wooden_hoe":1,"minecraft:dirt":132,"minecraft:raw_copper":8,"thermal:raw_nickel":5,"minecraft:bone":13,"botania:magenta_mystical_flower":1,"minecraft:blackstone":8,"minecraft:apple":1,"minecraft:wheat_seeds":4,"minecraft:cobbled_deepslate":8,"minecraft:raw_gold":8,"minecraft:iron_ingot":4,"thermal:niter":7,"minecraft:light_gray_wool":1,"the_vault:vault_cobblestone":168,"minecraft:birch_sapling":1,"minecraft:dark_oak_sapling":2,"the_vault:raw_chromatic_iron":121,"minecraft:furnace":5,"minecraft:stick":4,"thermal:raw_tin":6,"minecraft:raw_iron":70,"minecraft:oak_door":7,"minecraft:sweet_berries":18,"minecraft:torch":5,"botania:yellow_mystical_flower":1,"the_vault:vault_rock":6,"minecraft:gravel":14,"minecraft:porkchop":16,"powah:uraninite_raw":3,"minecraft:spruce_sapling":2,"minecraft:ink_sac":46,"minecraft:pointed_dripstone":1,"minecraft:spruce_log":13,"minecraft:dark_oak_log":9,"mekanism:raw_tin":5,"minecraft:arrow":5,"minecraft:rotten_flesh":6,"minecraft:diamond":5,"ae2:certus_quartz_dust":10,"mekanism:fluorite_gem":32,"minecraft:gray_wool":1,"supplementaries:ash":8,"minecraft:oak_sapling":14,"minecraft:obsidian":4,"minecraft:mutton":12,"minecraft:coal":110,"minecraft:white_wool":3,"minecraft:cobblestone":133},"minecraft:broken":{"minecraft:iron_pickaxe":2,"minecraft:wooden_axe":1}},"DataVersion":2975}