{"stats":{"minecraft:crafted":{"minecraft:stick":4,"minecraft:air":45},"minecraft:custom":{"minecraft:time_since_rest":12488,"minecraft:crouch_one_cm":1898,"minecraft:play_time":12488,"minecraft:sprint_one_cm":10065,"minecraft:damage_taken":260,"minecraft:walk_one_cm":17108,"minecraft:sneak_time":1924,"minecraft:walk_under_water_one_cm":974,"minecraft:mob_kills":2,"minecraft:drop":3,"minecraft:jump":169,"minecraft:damage_dealt":205,"minecraft:time_since_death":12488,"minecraft:walk_on_water_one_cm":322,"minecraft:total_world_time":12488,"minecraft:interact_with_crafting_table":3,"minecraft:fall_one_cm":4414,"minecraft:fly_one_cm":8061},"minecraft:used":{"the_vault:cooked_vault_steak":2,"minecraft:wooden_axe":60,"minecraft:crafting_table":2,"minecraft:wooden_pickaxe":4},"minecraft:dropped":{"minecraft:wheat_seeds":1,"minecraft:wooden_hoe":2},"minecraft:killed":{"minecraft:sheep":2},"minecraft:mined":{"minecraft:grass":8,"minecraft:grass_block":4,"minecraft:oak_log":50,"minecraft:dirt":9,"minecraft:tall_grass":7,"minecraft:stone":4,"minecraft:oak_leaves":27},"minecraft:picked_up":{"minecraft:sweet_berries":16,"minecraft:wheat_seeds":1,"minecraft:oak_log":50,"minecraft:oak_sapling":2,"minecraft:birch_sapling":1,"minecraft:mutton":3,"minecraft:white_wool":2,"minecraft:wooden_hoe":1,"minecraft:dirt":13,"minecraft:cobblestone":4},"minecraft:broken":{"minecraft:wooden_axe":1}},"DataVersion":2975}