{"stats":{"minecraft:killed_by":{"minecraft:creeper":1},"minecraft:mined":{"create:deepslate_zinc_ore":1,"minecraft:deepslate_diamond_ore":1,"minecraft:candle":1,"thermal:sulfur_ore":1,"thermal:tin_ore":1,"minecraft:shulker_box":5,"quark:waxed_white_corundum":1,"minecraft:spruce_leaves":3,"minecraft:sandstone":1,"comforts:sleeping_bag_white":6,"minecraft:hay_block":6,"botania:magenta_mystical_flower":1,"minecraft:red_concrete_powder":1,"the_vault:vault_cobblestone":1,"the_vault:vault_stone":78,"minecraft:iron_ore":42,"minecraft:andesite":67,"minecraft:enchanting_table":1,"minecraft:red_tulip":5,"minecraft:deepslate_iron_ore":3,"minecraft:stone":41,"botania:light_blue_mystical_flower":1,"minecraft:deepslate_redstone_ore":9,"minecraft:gray_concrete":1,"mekanism:osmium_ore":1,"architects_palette:withered_osseous_pillar":1,"minecraft:smooth_sandstone":2,"minecraft:crafting_table":4,"minecraft:torch":5,"mekanism:tin_ore":2,"minecraft:copper_ore":5,"minecraft:tall_grass":1,"minecraft:red_concrete":1,"minecraft:deepslate_gold_ore":19,"minecraft:wall_torch":2,"supplementaries:urn":8,"rftoolsbase:dimensionalshard_overworld":5,"the_vault:chromatic_iron_ore":90,"mekanism:fluorite_ore":1,"minecraft:birch_log":12,"minecraft:spruce_log":26,"minecraft:birch_leaves":10,"thermal:deepslate_silver_ore":1,"the_vault:vault_crate_elixir":1,"quark:deepslate_furnace":1,"minecraft:grass":18,"minecraft:coal_ore":117,"minecraft:oak_log":1,"minecraft:sand":2,"minecraft:dirt":2,"mekanism:deepslate_fluorite_ore":3,"minecraft:smooth_basalt":1,"mekanism:deepslate_uranium_ore":2,"minecraft:oak_leaves":4,"minecraft:deepslate":12,"the_vault:coin_pile":19},"minecraft:custom":{"minecraft:mob_kills":128,"minecraft:interact_with_crafting_table":36,"minecraft:open_barrel":4,"minecraft:open_shulker_box":6,"minecraft:leave_game":1,"minecraft:time_since_death":113382,"minecraft:climb_one_cm":1304,"minecraft:sprint_one_cm":357723,"minecraft:walk_one_cm":379101,"minecraft:drop":61,"minecraft:play_time":214073,"minecraft:deaths":2,"minecraft:sneak_time":4041,"minecraft:walk_under_water_one_cm":3978,"minecraft:jump":2086,"minecraft:walk_on_water_one_cm":11400,"minecraft:total_world_time":214073,"minecraft:interact_with_furnace":76,"minecraft:sleep_in_bed":7,"minecraft:time_since_rest":11821,"minecraft:damage_taken":2580,"minecraft:damage_dealt":15336,"minecraft:swim_one_cm":6650,"minecraft:fly_one_cm":358855,"minecraft:open_chest":160,"minecraft:crouch_one_cm":6753,"minecraft:fall_one_cm":51369},"minecraft:dropped":{"minecraft:iron_ingot":6,"minecraft:bread":2,"minecraft:iron_sword":1,"the_vault:boots":1,"minecraft:wheat_seeds":1,"minecraft:cobblestone":4,"the_vault:vault_crystal":3,"minecraft:coal":5,"botania:light_blue_mystical_flower":1,"minecraft:dirt":2,"the_vault:quest_book":2,"minecraft:wooden_hoe":1,"mekanism:raw_uranium":1,"minecraft:wooden_axe":1,"minecraft:iron_leggings":2,"mekanism:raw_osmium":1,"the_vault:leggings":1,"minecraft:string":1,"create:raw_zinc":1,"thermal:raw_tin":1,"minecraft:stone_axe":1,"minecraft:sweet_berries":2,"the_vault:vault_altar":1,"minecraft:cooked_chicken":4,"minecraft:raw_iron":1,"minecraft:rotten_flesh":4,"minecraft:iron_boots":1,"minecraft:cooked_mutton":6,"mekanism:raw_tin":2,"the_vault:vault_rock":2,"patchouli:guide_book":1,"supplementaries:flax_seeds":3,"supplementaries:ash":12,"architects_palette:withered_osseous_pillar":1,"minecraft:arrow":4,"minecraft:stone_pickaxe":2,"minecraft:wooden_pickaxe":1,"botania:magenta_mystical_flower":2},"minecraft:used":{"minecraft:enchanting_table":1,"minecraft:spruce_planks":4,"minecraft:iron_sword":238,"minecraft:iron_chestplate":1,"minecraft:torch":144,"the_vault:vault_crystal":1,"the_vault:sword":7,"the_vault:vault_crate_elixir":2,"minecraft:shulker_box":5,"the_vault:cooked_vault_steak":9,"minecraft:wooden_axe":11,"minecraft:red_tulip":1,"quark:spruce_chest":3,"quark:deepslate_furnace":1,"minecraft:iron_axe":32,"minecraft:birch_sapling":1,"minecraft:iron_helmet":1,"minecraft:iron_boots":1,"minecraft:smooth_basalt":1,"the_vault:vault_cobblestone":18,"minecraft:sweet_berries":2,"the_vault:sweet_kiwi":1,"minecraft:furnace":1,"minecraft:oak_sapling":4,"comforts:sleeping_bag_white":13,"minecraft:egg":4,"minecraft:cobbled_deepslate":8,"minecraft:iron_leggings":1,"minecraft:cooked_mutton":5,"minecraft:stone_pickaxe":123,"minecraft:wooden_pickaxe":12,"minecraft:crafting_table":4,"minecraft:apple":1,"minecraft:bread":4,"mcwdoors:oak_cottage_door":1,"minecraft:stone_button":1,"minecraft:iron_pickaxe":404,"the_vault:regret_orb":1,"minecraft:stone_slab":1,"minecraft:spruce_sapling":1,"minecraft:stone_axe":24,"minecraft:cobblestone":11,"minecraft:andesite":64},"minecraft:picked_up":{"minecraft:crafting_table":4,"minecraft:chicken":6,"thermal:raw_silver":1,"mekanism:raw_uranium":1,"minecraft:stone_slab":1,"the_vault:vault_crystal":4,"minecraft:string":4,"minecraft:raw_copper":16,"botania:magenta_mystical_flower":2,"thermal:sulfur":3,"minecraft:gold_nugget":2,"minecraft:cobbled_deepslate":20,"comforts:sleeping_bag_white":11,"minecraft:beef":3,"the_vault:quest_book":1,"minecraft:birch_sapling":1,"minecraft:egg":4,"minecraft:raw_iron":46,"minecraft:stick":1,"minecraft:torch":8,"quark:deepslate_furnace":1,"minecraft:redstone":39,"mekanism:raw_tin":2,"minecraft:arrow":5,"minecraft:rotten_flesh":7,"minecraft:red_tulip":6,"the_vault:soul_shard":14,"supplementaries:ash":12,"minecraft:mutton":36,"minecraft:cobblestone":46,"minecraft:white_wool":16,"minecraft:birch_log":12,"minecraft:feather":3,"minecraft:andesite":65,"minecraft:brown_wool":2,"minecraft:potato":1,"create:raw_zinc":1,"minecraft:oak_log":1,"supplementaries:flax_seeds":3,"minecraft:wooden_hoe":1,"minecraft:dirt":2,"botania:light_blue_mystical_flower":1,"rftoolsbase:dimensionalshard":19,"minecraft:bone":11,"minecraft:apple":1,"minecraft:wheat_seeds":1,"minecraft:raw_gold":19,"minecraft:iron_ingot":2,"minecraft:glass_bottle":1,"the_vault:vault_cobblestone":79,"the_vault:raw_chromatic_iron":90,"thermal:raw_tin":1,"minecraft:smooth_basalt":1,"minecraft:sweet_berries":4,"the_vault:vault_rock":6,"minecraft:spruce_sapling":1,"minecraft:spruce_log":25,"minecraft:shulker_box":5,"mekanism:raw_osmium":1,"minecraft:spider_eye":1,"minecraft:diamond":1,"mekanism:fluorite_gem":13,"minecraft:gray_wool":5,"minecraft:emerald":3,"minecraft:oak_sapling":4,"minecraft:coal":117},"minecraft:crafted":{"minecraft:purple_wool":2,"the_vault:vault_altar":1,"minecraft:oak_planks":4,"minecraft:cooked_chicken":4,"minecraft:furnace":1,"minecraft:stone":4,"minecraft:cooked_mutton":36,"minecraft:iron_boots":1,"minecraft:iron_axe":2,"minecraft:stone_pickaxe":2,"the_vault:bottle":1,"quark:spruce_chest":3,"minecraft:red_dye":1,"the_vault:shard_pouch":1,"minecraft:crafting_table":1,"minecraft:wooden_pickaxe":1,"minecraft:iron_sword":2,"minecraft:stone_axe":1,"minecraft:air":368,"minecraft:blue_dye":1,"minecraft:white_wool":1,"minecraft:purple_dye":2,"minecraft:gold_nugget":9,"minecraft:stick":60,"minecraft:iron_ingot":43,"minecraft:iron_pickaxe":3,"minecraft:wooden_axe":1,"minecraft:iron_shovel":1,"minecraft:gold_ingot":8},"minecraft:broken":{"minecraft:iron_pickaxe":1},"minecraft:killed":{"the_vault:miner_zombie_t0":24,"minecraft:spider":6,"the_vault:vault_fighter":15,"minecraft:skeleton":24,"minecraft:chicken":6,"rottencreatures:undead_miner":9,"minecraft:husk":4,"minecraft:zombie_villager":1,"minecraft:sheep":23,"minecraft:zombie":13,"minecraft:cow":2}},"DataVersion":2975}