{"stats":{"minecraft:crafted":{"minecraft:oak_planks":4,"minecraft:crafting_table":1,"minecraft:wooden_pickaxe":1,"minecraft:furnace":1,"minecraft:stone_axe":1,"minecraft:air":105,"minecraft:stick":24,"minecraft:iron_ingot":5,"minecraft:iron_pickaxe":1,"minecraft:stone_pickaxe":1,"minecraft:wooden_axe":1},"minecraft:used":{"minecraft:stone_pickaxe":114,"minecraft:wooden_pickaxe":12,"minecraft:torch":44,"minecraft:crafting_table":3,"the_vault:cooked_vault_steak":2,"minecraft:wooden_axe":11,"minecraft:birch_sapling":1,"minecraft:iron_pickaxe":24,"minecraft:stone_slab":1,"minecraft:stone_axe":24,"minecraft:sweet_berries":2,"minecraft:oak_sapling":4,"minecraft:furnace":1,"minecraft:andesite":8},"minecraft:custom":{"minecraft:interact_with_furnace":3,"minecraft:mob_kills":11,"minecraft:interact_with_crafting_table":8,"minecraft:time_since_death":39497,"minecraft:time_since_rest":39497,"minecraft:sprint_one_cm":55823,"minecraft:damage_taken":295,"minecraft:walk_one_cm":63730,"minecraft:drop":6,"minecraft:damage_dealt":2030,"minecraft:swim_one_cm":6650,"minecraft:fly_one_cm":46916,"minecraft:crouch_one_cm":3449,"minecraft:play_time":39497,"minecraft:sneak_time":2167,"minecraft:walk_under_water_one_cm":1516,"minecraft:jump":340,"minecraft:walk_on_water_one_cm":1079,"minecraft:total_world_time":39497,"minecraft:fall_one_cm":7344},"minecraft:dropped":{"minecraft:sweet_berries":2,"minecraft:wooden_hoe":1,"minecraft:wooden_axe":1,"minecraft:wooden_pickaxe":1,"minecraft:stone_pickaxe":1},"minecraft:killed":{"minecraft:zombie_villager":1,"minecraft:spider":2,"minecraft:skeleton":2,"minecraft:zombie":4,"minecraft:cow":2},"minecraft:mined":{"mekanism:osmium_ore":1,"thermal:sulfur_ore":1,"thermal:tin_ore":1,"minecraft:crafting_table":2,"mekanism:tin_ore":2,"minecraft:copper_ore":5,"minecraft:wall_torch":1,"supplementaries:urn":5,"rftoolsbase:dimensionalshard_overworld":5,"mekanism:fluorite_ore":1,"minecraft:birch_log":12,"minecraft:iron_ore":17,"minecraft:birch_leaves":10,"minecraft:andesite":58,"minecraft:grass":2,"minecraft:oak_log":1,"minecraft:coal_ore":30,"minecraft:dirt":2,"minecraft:stone":29,"minecraft:oak_leaves":4},"minecraft:picked_up":{"minecraft:birch_log":12,"minecraft:crafting_table":2,"minecraft:andesite":57,"minecraft:stone_slab":1,"minecraft:oak_log":1,"supplementaries:flax_seeds":2,"minecraft:wooden_hoe":1,"minecraft:string":1,"minecraft:dirt":2,"minecraft:raw_copper":16,"rftoolsbase:dimensionalshard":19,"minecraft:bone":6,"minecraft:apple":1,"thermal:sulfur":3,"minecraft:beef":3,"minecraft:birch_sapling":1,"thermal:raw_tin":1,"minecraft:raw_iron":14,"minecraft:sweet_berries":4,"minecraft:torch":2,"minecraft:spider_eye":1,"mekanism:raw_osmium":1,"mekanism:raw_tin":2,"minecraft:arrow":1,"minecraft:rotten_flesh":2,"mekanism:fluorite_gem":2,"supplementaries:ash":9,"minecraft:oak_sapling":4,"minecraft:coal":30,"minecraft:cobblestone":29}},"DataVersion":2975}