{"stats":{"minecraft:crafted":{"minecraft:oak_planks":4,"minecraft:crafting_table":1,"minecraft:stick":12,"minecraft:wooden_pickaxe":1,"minecraft:stone_pickaxe":1,"minecraft:wooden_axe":1,"minecraft:stone_axe":1,"minecraft:air":64},"minecraft:custom":{"minecraft:time_since_rest":27497,"minecraft:sprint_one_cm":35526,"minecraft:damage_taken":55,"minecraft:walk_one_cm":35107,"minecraft:mob_kills":2,"minecraft:drop":5,"minecraft:damage_dealt":450,"minecraft:interact_with_crafting_table":3,"minecraft:swim_one_cm":6650,"minecraft:fly_one_cm":32323,"minecraft:crouch_one_cm":920,"minecraft:play_time":27497,"minecraft:sneak_time":586,"minecraft:walk_under_water_one_cm":1516,"minecraft:jump":200,"minecraft:time_since_death":27497,"minecraft:walk_on_water_one_cm":1079,"minecraft:total_world_time":27497,"minecraft:fall_one_cm":3588},"minecraft:used":{"the_vault:cooked_vault_steak":1,"minecraft:wooden_axe":11,"minecraft:stone_pickaxe":42,"minecraft:birch_sapling":1,"minecraft:stone_slab":1,"minecraft:wooden_pickaxe":12,"minecraft:stone_axe":3,"minecraft:torch":15,"minecraft:crafting_table":2,"minecraft:oak_sapling":4},"minecraft:dropped":{"minecraft:sweet_berries":2,"minecraft:wooden_hoe":1,"minecraft:wooden_axe":1,"minecraft:wooden_pickaxe":1},"minecraft:killed":{"minecraft:cow":2},"minecraft:mined":{"mekanism:osmium_ore":1,"minecraft:birch_log":12,"minecraft:andesite":19,"minecraft:birch_leaves":10,"minecraft:crafting_table":2,"minecraft:grass":2,"minecraft:coal_ore":17,"minecraft:oak_log":1,"mekanism:tin_ore":2,"minecraft:copper_ore":3,"minecraft:stone":12,"minecraft:wall_torch":1,"minecraft:oak_leaves":4},"minecraft:picked_up":{"minecraft:birch_log":12,"minecraft:crafting_table":2,"minecraft:sweet_berries":4,"minecraft:andesite":13,"minecraft:torch":1,"minecraft:stone_slab":1,"minecraft:oak_log":1,"mekanism:raw_tin":2,"mekanism:raw_osmium":1,"minecraft:wooden_hoe":1,"minecraft:raw_copper":10,"minecraft:apple":1,"minecraft:beef":3,"minecraft:oak_sapling":4,"minecraft:birch_sapling":1,"minecraft:coal":17,"minecraft:cobblestone":12}},"DataVersion":2975}