{"stats":{"minecraft:crafted":{"minecraft:oak_planks":4,"minecraft:crafting_table":1,"minecraft:wooden_pickaxe":1,"minecraft:iron_sword":1,"minecraft:furnace":1,"minecraft:stone_axe":1,"minecraft:air":225,"minecraft:iron_boots":1,"minecraft:iron_axe":1,"minecraft:stick":52,"minecraft:iron_ingot":39,"minecraft:iron_pickaxe":2,"minecraft:stone_pickaxe":2,"minecraft:wooden_axe":1,"minecraft:iron_shovel":1},"minecraft:used":{"minecraft:stone_pickaxe":123,"minecraft:wooden_pickaxe":12,"minecraft:iron_sword":45,"minecraft:iron_chestplate":1,"minecraft:torch":144,"minecraft:crafting_table":4,"the_vault:cooked_vault_steak":8,"minecraft:wooden_axe":11,"minecraft:apple":1,"quark:deepslate_furnace":1,"minecraft:iron_axe":2,"minecraft:birch_sapling":1,"minecraft:iron_pickaxe":299,"minecraft:iron_helmet":1,"minecraft:stone_slab":1,"minecraft:iron_boots":1,"minecraft:smooth_basalt":1,"minecraft:stone_axe":24,"the_vault:vault_cobblestone":3,"minecraft:cobblestone":8,"minecraft:sweet_berries":2,"minecraft:oak_sapling":4,"minecraft:furnace":1,"minecraft:andesite":64,"minecraft:cobbled_deepslate":8,"minecraft:iron_leggings":1},"minecraft:custom":{"minecraft:interact_with_furnace":19,"minecraft:mob_kills":24,"minecraft:interact_with_crafting_table":18,"minecraft:leave_game":1,"minecraft:time_since_death":1999,"minecraft:time_since_rest":2176,"minecraft:sprint_one_cm":126025,"minecraft:damage_taken":1223,"minecraft:walk_one_cm":170790,"minecraft:drop":27,"minecraft:damage_dealt":4722,"minecraft:swim_one_cm":6650,"minecraft:fly_one_cm":90721,"minecraft:crouch_one_cm":6115,"minecraft:play_time":88474,"minecraft:deaths":1,"minecraft:sneak_time":3609,"minecraft:walk_under_water_one_cm":2203,"minecraft:jump":794,"minecraft:walk_on_water_one_cm":6563,"minecraft:total_world_time":88474,"minecraft:fall_one_cm":17307},"minecraft:dropped":{"minecraft:iron_ingot":4,"minecraft:stone_axe":1,"minecraft:sweet_berries":2,"minecraft:raw_iron":1,"minecraft:rotten_flesh":4,"mekanism:raw_tin":2,"minecraft:dirt":2,"supplementaries:flax_seeds":3,"supplementaries:ash":12,"minecraft:wooden_hoe":1,"mekanism:raw_uranium":1,"minecraft:wooden_axe":1,"mekanism:raw_osmium":1,"minecraft:arrow":4,"minecraft:wooden_pickaxe":1,"minecraft:stone_pickaxe":2,"create:raw_zinc":1,"thermal:raw_tin":1},"minecraft:killed":{"minecraft:zombie_villager":1,"minecraft:spider":5,"minecraft:skeleton":7,"minecraft:zombie":8,"minecraft:cow":2},"minecraft:mined":{"minecraft:deepslate_redstone_ore":9,"create:deepslate_zinc_ore":1,"mekanism:osmium_ore":1,"minecraft:deepslate_diamond_ore":1,"thermal:sulfur_ore":1,"thermal:tin_ore":1,"minecraft:crafting_table":4,"minecraft:torch":5,"mekanism:tin_ore":2,"minecraft:copper_ore":5,"minecraft:deepslate_gold_ore":19,"minecraft:wall_torch":2,"supplementaries:urn":8,"rftoolsbase:dimensionalshard_overworld":5,"the_vault:chromatic_iron_ore":90,"the_vault:vault_stone":78,"mekanism:fluorite_ore":1,"minecraft:birch_log":12,"minecraft:iron_ore":38,"minecraft:birch_leaves":10,"minecraft:andesite":67,"thermal:deepslate_silver_ore":1,"quark:deepslate_furnace":1,"minecraft:grass":2,"minecraft:oak_log":1,"minecraft:coal_ore":60,"minecraft:deepslate_iron_ore":3,"mekanism:deepslate_fluorite_ore":3,"minecraft:dirt":2,"minecraft:smooth_basalt":1,"mekanism:deepslate_uranium_ore":2,"minecraft:stone":32,"minecraft:oak_leaves":4,"minecraft:deepslate":12},"minecraft:picked_up":{"minecraft:birch_log":12,"minecraft:crafting_table":4,"mekanism:raw_uranium":1,"thermal:raw_silver":1,"minecraft:andesite":65,"minecraft:stone_slab":1,"minecraft:potato":1,"create:raw_zinc":1,"minecraft:oak_log":1,"supplementaries:flax_seeds":3,"minecraft:wooden_hoe":1,"minecraft:string":4,"minecraft:dirt":2,"minecraft:raw_copper":16,"rftoolsbase:dimensionalshard":19,"minecraft:bone":9,"minecraft:apple":1,"thermal:sulfur":3,"minecraft:cobbled_deepslate":20,"minecraft:raw_gold":19,"minecraft:iron_ingot":2,"minecraft:beef":3,"the_vault:vault_cobblestone":78,"minecraft:birch_sapling":1,"minecraft:smooth_basalt":1,"the_vault:raw_chromatic_iron":90,"thermal:raw_tin":1,"minecraft:raw_iron":42,"minecraft:sweet_berries":4,"quark:deepslate_furnace":1,"minecraft:torch":8,"the_vault:vault_rock":5,"minecraft:redstone":39,"minecraft:spider_eye":1,"mekanism:raw_osmium":1,"mekanism:raw_tin":2,"minecraft:arrow":4,"minecraft:rotten_flesh":4,"minecraft:diamond":1,"mekanism:fluorite_gem":13,"minecraft:emerald":3,"supplementaries:ash":12,"minecraft:oak_sapling":4,"minecraft:coal":60,"minecraft:cobblestone":32},"minecraft:broken":{"minecraft:iron_pickaxe":1}},"DataVersion":2975}