{"stats":{"minecraft:crafted":{"minecraft:oak_planks":4,"minecraft:stone_axe":1,"minecraft:crafting_table":1,"minecraft:stick":8,"minecraft:wooden_pickaxe":1,"minecraft:air":48,"minecraft:stone_pickaxe":1,"minecraft:wooden_axe":1},"minecraft:custom":{"minecraft:time_since_rest":15497,"minecraft:play_time":15497,"minecraft:sprint_one_cm":8862,"minecraft:damage_taken":45,"minecraft:walk_one_cm":12226,"minecraft:sneak_time":6,"minecraft:drop":3,"minecraft:jump":67,"minecraft:damage_dealt":250,"minecraft:time_since_death":15497,"minecraft:total_world_time":15497,"minecraft:fall_one_cm":836,"minecraft:interact_with_crafting_table":3,"minecraft:fly_one_cm":7274},"minecraft:used":{"the_vault:cooked_vault_steak":1,"minecraft:stone_axe":1,"minecraft:wooden_axe":11,"minecraft:crafting_table":2,"minecraft:birch_sapling":1,"minecraft:wooden_pickaxe":12},"minecraft:dropped":{"minecraft:wooden_pickaxe":1,"minecraft:wooden_hoe":1,"minecraft:wooden_axe":1},"minecraft:mined":{"minecraft:grass":2,"minecraft:oak_log":1,"minecraft:birch_log":12,"minecraft:stone":12,"minecraft:birch_leaves":10,"minecraft:crafting_table":2,"minecraft:oak_leaves":4},"minecraft:picked_up":{"minecraft:birch_log":12,"minecraft:crafting_table":2,"minecraft:sweet_berries":2,"minecraft:oak_log":1,"minecraft:birch_sapling":1,"minecraft:wooden_hoe":1,"minecraft:cobblestone":12}},"DataVersion":2975}