{"stats":{"minecraft:killed_by":{"minecraft:creeper":1},"minecraft:mined":{"minecraft:deepslate_redstone_ore":9,"create:deepslate_zinc_ore":1,"mekanism:osmium_ore":1,"minecraft:deepslate_diamond_ore":1,"thermal:sulfur_ore":1,"thermal:tin_ore":1,"minecraft:crafting_table":4,"minecraft:torch":5,"mekanism:tin_ore":2,"minecraft:tall_grass":1,"minecraft:copper_ore":5,"minecraft:spruce_leaves":3,"minecraft:deepslate_gold_ore":19,"minecraft:wall_torch":2,"comforts:sleeping_bag_white":3,"supplementaries:urn":8,"rftoolsbase:dimensionalshard_overworld":5,"the_vault:chromatic_iron_ore":90,"mekanism:fluorite_ore":1,"the_vault:vault_stone":78,"minecraft:birch_log":12,"minecraft:iron_ore":38,"minecraft:spruce_log":26,"minecraft:birch_leaves":10,"minecraft:andesite":67,"thermal:deepslate_silver_ore":1,"quark:deepslate_furnace":1,"minecraft:grass":10,"minecraft:oak_log":1,"minecraft:coal_ore":77,"minecraft:deepslate_iron_ore":3,"mekanism:deepslate_fluorite_ore":3,"minecraft:dirt":2,"mekanism:deepslate_uranium_ore":2,"minecraft:smooth_basalt":1,"minecraft:stone":32,"minecraft:oak_leaves":4,"minecraft:deepslate":12},"minecraft:custom":{"minecraft:interact_with_furnace":36,"minecraft:mob_kills":36,"minecraft:interact_with_crafting_table":22,"minecraft:leave_game":1,"minecraft:time_since_death":17382,"minecraft:sleep_in_bed":2,"minecraft:time_since_rest":5511,"minecraft:sprint_one_cm":150963,"minecraft:damage_taken":1754,"minecraft:walk_one_cm":197911,"minecraft:drop":27,"minecraft:damage_dealt":5696,"minecraft:swim_one_cm":6650,"minecraft:fly_one_cm":114870,"minecraft:open_chest":23,"minecraft:crouch_one_cm":6116,"minecraft:play_time":118073,"minecraft:deaths":2,"minecraft:sneak_time":3711,"minecraft:walk_under_water_one_cm":3850,"minecraft:jump":936,"minecraft:walk_on_water_one_cm":9464,"minecraft:total_world_time":118073,"minecraft:fall_one_cm":21154},"minecraft:dropped":{"minecraft:iron_ingot":4,"minecraft:stone_axe":1,"minecraft:sweet_berries":2,"minecraft:raw_iron":1,"minecraft:rotten_flesh":4,"mekanism:raw_tin":2,"minecraft:dirt":2,"supplementaries:flax_seeds":3,"supplementaries:ash":12,"minecraft:wooden_hoe":1,"mekanism:raw_uranium":1,"minecraft:wooden_axe":1,"mekanism:raw_osmium":1,"minecraft:arrow":4,"minecraft:wooden_pickaxe":1,"minecraft:stone_pickaxe":2,"create:raw_zinc":1,"thermal:raw_tin":1},"minecraft:used":{"minecraft:stone_pickaxe":123,"minecraft:wooden_pickaxe":12,"minecraft:iron_sword":56,"minecraft:iron_chestplate":1,"minecraft:torch":144,"minecraft:crafting_table":4,"the_vault:cooked_vault_steak":8,"minecraft:wooden_axe":11,"minecraft:apple":1,"minecraft:bread":2,"quark:deepslate_furnace":1,"minecraft:iron_pickaxe":316,"minecraft:iron_axe":31,"minecraft:birch_sapling":1,"minecraft:iron_helmet":1,"minecraft:stone_slab":1,"minecraft:spruce_sapling":1,"minecraft:iron_boots":1,"minecraft:smooth_basalt":1,"minecraft:stone_axe":24,"the_vault:vault_cobblestone":3,"minecraft:cobblestone":8,"minecraft:sweet_berries":2,"minecraft:oak_sapling":4,"minecraft:furnace":1,"minecraft:andesite":64,"comforts:sleeping_bag_white":5,"minecraft:cobbled_deepslate":8,"minecraft:iron_leggings":1},"minecraft:picked_up":{"minecraft:birch_log":12,"minecraft:crafting_table":4,"minecraft:feather":1,"minecraft:chicken":3,"mekanism:raw_uranium":1,"thermal:raw_silver":1,"minecraft:andesite":65,"minecraft:brown_wool":2,"minecraft:stone_slab":1,"minecraft:potato":1,"create:raw_zinc":1,"minecraft:oak_log":1,"supplementaries:flax_seeds":3,"minecraft:wooden_hoe":1,"minecraft:dirt":2,"minecraft:string":4,"minecraft:raw_copper":16,"minecraft:bone":11,"rftoolsbase:dimensionalshard":19,"minecraft:apple":1,"thermal:sulfur":3,"minecraft:cobbled_deepslate":20,"minecraft:raw_gold":19,"comforts:sleeping_bag_white":5,"minecraft:iron_ingot":2,"minecraft:beef":3,"minecraft:egg":2,"the_vault:vault_cobblestone":78,"minecraft:birch_sapling":1,"minecraft:stick":1,"the_vault:raw_chromatic_iron":90,"thermal:raw_tin":1,"minecraft:raw_iron":42,"minecraft:smooth_basalt":1,"minecraft:sweet_berries":4,"minecraft:torch":8,"the_vault:vault_rock":5,"quark:deepslate_furnace":1,"minecraft:spruce_sapling":1,"minecraft:spruce_log":25,"minecraft:redstone":39,"mekanism:raw_osmium":1,"minecraft:spider_eye":1,"mekanism:raw_tin":2,"minecraft:arrow":5,"minecraft:rotten_flesh":6,"minecraft:diamond":1,"mekanism:fluorite_gem":13,"minecraft:gray_wool":2,"minecraft:emerald":3,"minecraft:mutton":8,"supplementaries:ash":12,"minecraft:oak_sapling":4,"minecraft:white_wool":2,"minecraft:coal":77,"minecraft:cobblestone":32},"minecraft:crafted":{"minecraft:oak_planks":4,"minecraft:crafting_table":1,"minecraft:wooden_pickaxe":1,"minecraft:iron_sword":2,"minecraft:furnace":1,"minecraft:stone_axe":1,"minecraft:air":237,"minecraft:white_wool":1,"minecraft:iron_boots":1,"minecraft:iron_axe":2,"minecraft:stick":60,"minecraft:iron_ingot":39,"minecraft:iron_pickaxe":3,"minecraft:stone_pickaxe":2,"minecraft:wooden_axe":1,"minecraft:gold_ingot":8,"minecraft:iron_shovel":1},"minecraft:broken":{"minecraft:iron_pickaxe":1},"minecraft:killed":{"minecraft:zombie_villager":1,"minecraft:spider":6,"minecraft:sheep":6,"minecraft:skeleton":7,"minecraft:chicken":3,"minecraft:zombie":10,"minecraft:cow":2}},"DataVersion":2975}