{"stats":{"minecraft:crafted":{"minecraft:oak_planks":4,"minecraft:crafting_table":1,"minecraft:wooden_pickaxe":1,"minecraft:iron_sword":1,"minecraft:furnace":1,"minecraft:stone_axe":1,"minecraft:air":152,"minecraft:iron_boots":1,"minecraft:iron_axe":1,"minecraft:stick":40,"minecraft:iron_ingot":38,"minecraft:iron_pickaxe":1,"minecraft:stone_pickaxe":1,"minecraft:wooden_axe":1,"minecraft:iron_shovel":1},"minecraft:used":{"minecraft:stone_pickaxe":114,"minecraft:wooden_pickaxe":12,"minecraft:iron_sword":16,"minecraft:iron_chestplate":1,"minecraft:torch":103,"minecraft:crafting_table":3,"the_vault:cooked_vault_steak":4,"minecraft:wooden_axe":11,"minecraft:apple":1,"minecraft:iron_axe":1,"minecraft:birch_sapling":1,"minecraft:iron_pickaxe":116,"minecraft:iron_helmet":1,"minecraft:stone_slab":1,"minecraft:iron_boots":1,"minecraft:stone_axe":24,"minecraft:sweet_berries":2,"minecraft:oak_sapling":4,"minecraft:furnace":1,"minecraft:andesite":34,"minecraft:iron_leggings":1},"minecraft:custom":{"minecraft:interact_with_furnace":15,"minecraft:mob_kills":15,"minecraft:interact_with_crafting_table":15,"minecraft:time_since_death":63497,"minecraft:time_since_rest":63497,"minecraft:sprint_one_cm":95215,"minecraft:damage_taken":521,"minecraft:walk_one_cm":115878,"minecraft:drop":15,"minecraft:damage_dealt":3040,"minecraft:swim_one_cm":6650,"minecraft:fly_one_cm":71529,"minecraft:crouch_one_cm":5052,"minecraft:play_time":63497,"minecraft:sneak_time":2776,"minecraft:walk_under_water_one_cm":1874,"minecraft:jump":605,"minecraft:walk_on_water_one_cm":4725,"minecraft:total_world_time":63497,"minecraft:fall_one_cm":11290},"minecraft:dropped":{"minecraft:iron_ingot":2,"minecraft:stone_axe":1,"minecraft:sweet_berries":2,"minecraft:rotten_flesh":2,"supplementaries:flax_seeds":2,"supplementaries:ash":9,"minecraft:wooden_hoe":1,"mekanism:raw_uranium":1,"minecraft:wooden_axe":1,"minecraft:wooden_pickaxe":1,"minecraft:stone_pickaxe":1,"create:raw_zinc":1},"minecraft:killed":{"minecraft:zombie_villager":1,"minecraft:spider":2,"minecraft:skeleton":4,"minecraft:zombie":6,"minecraft:cow":2},"minecraft:mined":{"minecraft:deepslate_redstone_ore":9,"create:deepslate_zinc_ore":1,"mekanism:osmium_ore":1,"thermal:sulfur_ore":1,"thermal:tin_ore":1,"minecraft:crafting_table":3,"minecraft:torch":3,"mekanism:tin_ore":2,"minecraft:copper_ore":5,"minecraft:deepslate_gold_ore":10,"minecraft:wall_torch":2,"supplementaries:urn":7,"rftoolsbase:dimensionalshard_overworld":5,"mekanism:fluorite_ore":1,"minecraft:birch_log":12,"minecraft:iron_ore":38,"minecraft:birch_leaves":10,"minecraft:andesite":66,"thermal:deepslate_silver_ore":1,"minecraft:grass":2,"minecraft:oak_log":1,"minecraft:coal_ore":60,"minecraft:deepslate_iron_ore":3,"mekanism:deepslate_fluorite_ore":3,"minecraft:dirt":2,"mekanism:deepslate_uranium_ore":2,"minecraft:stone":32,"minecraft:oak_leaves":4,"minecraft:deepslate":1},"minecraft:picked_up":{"minecraft:birch_log":12,"minecraft:crafting_table":3,"mekanism:raw_uranium":1,"thermal:raw_silver":1,"minecraft:andesite":64,"minecraft:stone_slab":1,"minecraft:potato":1,"create:raw_zinc":1,"minecraft:oak_log":1,"supplementaries:flax_seeds":3,"minecraft:wooden_hoe":1,"minecraft:string":1,"minecraft:dirt":2,"minecraft:raw_copper":16,"rftoolsbase:dimensionalshard":19,"minecraft:bone":8,"minecraft:apple":1,"thermal:sulfur":3,"minecraft:cobbled_deepslate":9,"minecraft:raw_gold":10,"minecraft:beef":3,"minecraft:birch_sapling":1,"thermal:raw_tin":1,"minecraft:raw_iron":41,"minecraft:sweet_berries":4,"minecraft:torch":6,"minecraft:redstone":39,"minecraft:spider_eye":1,"mekanism:raw_osmium":1,"mekanism:raw_tin":2,"minecraft:arrow":3,"minecraft:rotten_flesh":4,"mekanism:fluorite_gem":13,"minecraft:emerald":3,"supplementaries:ash":9,"minecraft:oak_sapling":4,"minecraft:coal":60,"minecraft:cobblestone":32}},"DataVersion":2975}